RESIDENTIAL MANAGEMENT MASTER LIST - RM ONLY,,,,,,,,,,
"March 4, 2026",,,,,,,,,,
PROJECT,FILE#,Unit #,ST. #,STREET,CITY,PM,ACCT,INS,NON-RESIDENT,
2,0202-01,1,6491,PRINCESS LANE,RMD,KH,Vanessa,NO,,
2,0218-01,5,7060,BLUNDELL ROAD,RMD,KH,Vanessa,,,
2,0218-02,HOUSE,7940,EPERSON ROAD,RMD,KH,Vanessa,,,
2,0218-03,HOUSE,8531,CANTLEY ROAD,RMD,KH,Vanessa,,,
2,0220-01,507,7328,GOLLNER AVE,RMD,KH,Vanessa,NO,NO,
2,0221-01,504,5151,BRIHOUSE WAY,RMD,KH,Vanessa,YES,,
2,0222-01,328,9399,TOMICKI AVENUE,RMD,KH,Vanessa,NO,YES,
2,0223-01,64,10199,RIVER DRIVE,RMD,KH,Vanessa,NO,NO,
2,0224-01,311,8600,ACKROYD ROAD,RMD,JR,Vanessa,YES,,
2,0226-01,808,7688,ALDERBRIDGE WAY,RMD,KH,Vanessa,YES,NO,
2,0227-01,509,6331,BUSWELL STREET,RMD,KH,Vanessa,YES,NO,
2,0228-01,CARETAKER,9333,ALEXANDRA CRT,RMD,KH,Vanessa,YES,NO,
2,0232-01,24,7180,LECHOW STREET,RMD,KH,Vanessa,NO,NO,
2,0234-01,9,12311,MCNEELY DRIVE,RMD,KH,Vanessa,YES,NO,
2,0235-01,309,6688,PEARSON WAY,RMD,KH,Vanessa,YES,NO,
2,0237-01,707,5900,ALDERBRIDGE WAY,RMD,KH,Vanessa,YES,NO,
2,0238-01,11,9728,ALBERTA ROAD,RMD,KH,Vanessa,NO,YES,
2,0239-01,606,6633,BUSWELL STREET,RMD,KH,Vanessa,YES,NO,
2,0240-01,911,6633,BUSWELL STREET,RMD,KH,Vanessa,YES,NO,
2,0248-01,703,8288,SABA ROAD,RMD,KH,Vanessa,YES,NO,
2,0249-01,HOUSE,9520,CAPSTAN WAY,RMD,KH,Vanessa,NO,NO,
2,0249-02,20,7311,MINORU BLVD,RMD,KH,Vanessa,YES,NO,
2,0250-01,302,9366,TOMICKI AVENUE,RMD,KH,Vanessa,YES,NO,
2,0251-01,102,9133,HEMLOCK DRIVE,RMD,KH,Vanessa,NO,NO,
2,0252-01,104,5500,ARCADIA ROAD,RMD,KH,Vanessa,NO,NO,
2,0253-01,1212,6808,MINORU BLVD,RMD,KH,Vanessa,YES,NO,
2,0254-01,1106,7338,GOLLNER AVE,RMD,KH,Vanessa,YES,NO,
2,0257-01,201,6200,MINORU BLVD,RMD,KH,Vanessa,YES,NO,
2,0258-01,1100,8180,MCMYM WAY,RMD,KH,Vanessa,NO,NO,
2,0279-01,208,6828,ECKERSLEY ROAD,RMD,KH,Vanessa,YES,,
2,0281-01,515,5233,GILBERT ROAD,RMD,KH,Vanessa,YES,,
2,0282-01,618,7338,GOLLNER AVENUE,RMD,KH,Vanessa,YES,,
2,0283-01,605,5619,CEDARBRIDGE WAY,RMD,KH,Vanessa,YES,,
2,0284-01,1107,5233,GILBERT ROAD,RMD,KH,Vanessa,NO,,
2,0286-01,709,8180,LANSDOWNE ROAD,RMD,KH,Vanessa,YES,,
2,0287-01,601,7338,GOLLNER AVENUE,RMD,KH,Vanessa,YES,,
2,0292-01,806,7338,GOLLNER AVENUE,RMD,KH,Vanessa,NO,,
2,0293-01,1107,3333,CORVETTE WAY ,RMD,KH,Vanessa,YES,,
4,0410-01,52,36060,OLD YALE ROAD,ABB,CG,Vanessa,YES,,
4,0413-01,105,2038,SANDALWOOD CRESCENT,ABB,CG,Vanessa,YES,,
4,0421-01,HOUSE,4328,AUGUSTON PARKWAY North,ABB,CG,Vanessa,N/A,,
4,0422-01,HOUSE,6775,206 STREET,LGY,BW,Vanessa,N/A,,
4,0423-01,307,20219,54A AVENUE,LGY,BW,Vanessa,NO,,
4,0431-01,417,20728,WILLOUGHBY TOWN CENTRE DRIVE,LGY,BW,Vanessa,YES,,
4,0436-01,27,36060,OLD YALE ROAD,ABB,CG,Vanessa,YES,,
4,0436-02,64,36060,OLD YALE ROAD,ABB,CG,Vanessa,YES,,
4,0436-05,62,36060,OLD YALE ROAD,ABB,CG,Vanessa,YES,,
4,0436-06,73,36060,OLD YALE ROAD,ABB,CG,Vanessa,YES,,
4,0436-08,61,36060,OLD YALE ROAD,ABB,CG,Vanessa,YES,,
4,0436-09,65,36060,OLD YALE ROAD,ABB,CG,Vanessa,YES,,
4,0436-10,68,36060,OLD YALE ROAD,ABB,CG,Vanessa,YES,,
4,0439-01,568,8328,207A St.,LGY,BW,Vanessa,NO,,
4,0443-01,305,3080,GLADWIN ROAD,ABB,CG,Vanessa,NO,,
4,0447-01,204,33664,MARSHALL ROAD,ABB,CG,Vanessa,YES,,
4,0450-01,315,19835,64 AVENUE,LGY,BW,Vanessa,NO,,
4,0453-02,507,33540,MAYFAIR AVENUE,ABB,CG,Vanessa,YES,,
4,0462-01,56,36060,OLD YALE ROAD,ABB,CG,Vanessa,YES,,
4,0463-01,40,36060,OLD YALE ROAD,ABB,CG,Vanessa,NO,,
4,0496-01,10 ,36060,OLD YALE ROAD,ABB,CG,Vanessa,YES,,
5,0508-01,3106,13325,102A AVENUE,SRY,KH,Vanessa,YES,,
5,0509-01,1510,13618,100TH AVENUE,SRY,JR,Vanessa,NO,,
5,0513-01,318,10499,UNIVERSITY DRIVE,SRY,JR,Vanessa,YES,NO,
5,0514-01,424,13733,107A Ave,SRY,JR,Vanessa,YES,NO,
5,0516-01,506,13615,FRASER HIGHWAY,SRY,JR,Vanessa,YES,NO,
5,0517-01,1011,13655,FRASER HIGHWAY,SRY,JR,Vanessa,YES,NO,
5,0520-01,702,13380,108 AVENUE ,SRY,JR,Vanessa,NO,NO,
5,0521-01,HOUSE,15045,95TH AVENUE,SRY,JR,Vanessa,NO,,
5,0522-01,HOUSE,14114,KINDERSLEY DRIVE,SRY,JR,Vanessa,NO,,
5,0523-01,307,13615,FRASER HIGHWAY,SRY,KH,Vanessa,YES,NO,
5,0524-01,5,13393,BARKER STREET,SRY,JR,Vanessa,YES,NO,
5,0525-01,1907,13615,FRASER HIGHWAY,SRY,JR,Vanessa,YES,NO,
5,0528-01,803,13350,CENTRAL AVENUE,SRY,JR,Vanessa,NO,NO,
5,0529-01,2204,13350,CENTRAL AVENUE,SRY,JR,Vanessa,YES,NO,
5,0530-01,810,13350,CENTRAL AVENUE,SRY,JR,Vanessa,YES,NO,
5,0532-01,2908,13615,FRASER HIGHWAY,SRY,JR,Vanessa,YES,NO,
5,0535-01,406,610,BRANTFORD STREET,NWEST,JR,Vanessa,YES,NO,
5,0536-01,404,13678,108TH AVENUE,SRY,JR,Vanessa,NO,NO,
5,0537-01,2608,13685,102 AVENUE,SRY,JR,Vanessa,YES,NO,
5,0538-01,302,214,ELEVENTH STREET,NWEST,JR,Vanessa,YES,NO,
5,0539-01,1208,1588,JOHNSON ROAD,WHITE,BW,Vanessa,YES,NO,
5,0541-01,HOUSE,12826,73RD AVENUE,SRY,JR,Vanessa,NO,,
5,0542-01,4306,680,QUAYSIDE DRIVE,NWEST,JR,Vanessa,YES,NO,
5,0543-01,2808,680,QUAYSIDE DRIVE,NWEST,JR,Vanessa,NO,NO,
5,0544-01,3303,680,QUAYSIDE DRIVE,NWEST,JR,Vanessa,NO,NO,
5,0550-01,612,13439,94A AVE,SRY,JR,Vanessa,NO,NO,
5,0551-01,3207,10750,135A Street,SRY,JR,Vanessa,YES,NO,
5,0556-01,3508,10750,135A Street,SRY,JR,Vanessa,YES,NO,
5,0557-01,312,10581,140 Street ,SRY,KH,Vanessa,NO,NO,
5,0558-01,414,13439,94A AVENUE,SRY,JR,Vanessa,NO,NO,
5,0559-01,609,13439,94A AVENUE,SRY,JR,Vanessa,YES,NO,
5,0560-01,2311,13655,FRASER HIGHWAY,SRY,JR,Vanessa,NO,NO,
5,0561-01,802,10750,135A STREET,SRY,JR,Vanessa,NO,NO,
5,0562-01,1601,10750,135A STREET,SRY,JR,Vanessa,YES,NO,
5,0563-01,310,13439,94A AVENUE,SRY,JR,Vanessa,NO,NO,
5,0565-01,414,13258,105 AVENUE,SRY,JR,Vanessa,YES,NO,
5,0566-01,417,13258,105 AVENUE,SRY,JR,Vanessa,NO,NO,
5,0567-01,1107,10750,135A STEET ,SRY,JR,Vanessa,YES,NO,
5,0568-01,3502,10750,135A STEET ,SRY,JR,Vanessa,NO,NO,
5,0570-01,4103,10741,KING GEORGE BLVD,SRY,JR,Vanessa,NO,,
5,0571-01,424,9456,134 STREET,SRY,JR,Vanessa,NO,NO,
5,0572-01,702,9675,King George Blvd.,SRY,JR,Vanessa,NO,,
5,0576-01,104,13238,105 AVENUE,SRY,JR,Vanessa,NO,NO,
5,0577-01,3503,10750,135 A STREET ,SRY,JR,Vanessa,NO,NO,
5,0578-01,1805,10750,135A STEET ,SRY,JR,Vanessa,NO,NO,
5,0579-01,614,13238,105 AVENUE,SRY,JR,Vanessa,NO,NO,
5,0580-01,503,13238,105 AVENUE,SRY,JR,Vanessa,YES,NO,
5,0581-01,501,13238,105 AVENUE,SRY,JR,Vanessa,NO,NO,
5,0582-01,3808,10750,135 A STREET ,SRY,JR,Vanessa,NO,NO,
5,0583-01,1404,660,QUAYSIDE DRIVE,NWEST,JR,Vanessa,YES,NO,
5,0584-01,222,13238,105 AVENUE,SRY,JR,Vanessa,YES,YES,
5,0585-01,TH7,9456,134 STREET,SRY,JR,Vanessa,NO,NO,
5,0587-01,107,13728,108 AVENUE ,SRY,JR,Vanessa,YES,,
5,0588-01,1106,10777,UNIVERSITY DRIVE,SRY,JR,Vanessa,YES,,
5,0589-01,401,13745,GEORGE JUNCTION,SRY,JR,Vanessa,NO,NO,
5,0590-01,TH,15232,18 AVENUE,SRY,JR,Vanessa,NO,NO,
5,0590-02,TH,15244,18 AVENUE,SRY,JR,Vanessa,NO,NO,
5,0591-01,2302,13655,Fraser Hwy,SRY,JR,Vanessa,YES,NO,
5,0592-01,328,8509,158 STREET,SRY,JR,Vanessa,YES,NO,
5,0599-01,709,10777,UNIVERSITY DRIVE,SRY,JR,Vanessa,YES,,
6,0601-01,710,4818,ELDORADO MEWS,VAN,AA,Leuvin ,NO,,
6,0602-01,509,3168,RIVERWALK AVENUE,VAN,AA,Leuvin ,NO,,
6,0606-01,709,288,WEST 1ST AVENUE,VAN,KH,Leuvin ,YES,,
6,0607-01,,1344,HORNBY STREET,VAN,JR,Leuvin ,NO,,
6,0607-02,,1348,HORNBY STREET,VAN,JR,Leuvin ,NO,,
6,0607-03,,1342,HORNBY STREET,VAN,JR,Leuvin ,NO,,
6,0608-01,323,1330,BURRARD STREET,VAN,JR,Leuvin ,NO,,
6,0609-01,310,384,EAST 1ST AVENUE,VAN,KH,Leuvin ,YES,,
6,0610-01,501,677,WEST 41ST AVENUE,VAN,AN,Leuvin ,YES,,
6,0611-01,510,1788,COLUMBIA STREET,VAN,KH,Leuvin ,YES,,
6,0611-02,509,1788,COLUMBIA STREET,VAN,KH,Leuvin ,YES,,
6,0615-01,607,3289,RIVERWALK AVENUE,VAN,AA,Leuvin ,NO,,
6,0616-01,314,1330,BURRARD STREET,VAN,JR,Leuvin ,NO,,
6,0618-01,602,1788,COLUMBIA STREET,VAN,JR,Leuvin ,YES,,
6,0619-01,702,1788,COLUMBIA STREET,VAN,AA,Leuvin ,YES,,
6,0620-01,509,111,EAST 1ST AVENUE,VAN,AN,Leuvin ,NO,,
6,0622-01,511,1661,QUEBEC STREET,VAN,AN,Leuvin ,YES,,
6,0623-01,1102,1788,COLUMBIA STREET,VAN,AN,Leuvin ,YES,,
6,0626-01,1008,8131,NUNAVUT LANE,VAN,KH,Leuvin ,YES,,
6,0626-02,2709,8131,NUNAVUT LANE,VAN,KH,Leuvin ,YES,,
6,0629-01,,2238,ALDER ST.,VAN,JR,Leuvin ,YES,,
6,0630-01,901,728,West 8TH AVENUE,VAN,KH,Leuvin ,YES,,
6,0631-01,HOUSE,69,EAST 47TH AVENUE,VAN,KH,Leuvin ,N/A,,
6,0632-01,706,108,WEST 1ST AVENUE,VAN,KH,Leuvin ,NO,,
6,0633-01,211,950,DRAKE STREET,VAN,JR,Leuvin ,NO,,
6,0634-01,1809,1618,QUEBEC STREET,VAN,KH,Leuvin ,NO,,
6,0635-01,311,1618,QUEBEC STREET,VAN,KH,Leuvin ,NO,,
6,0637-01,301,138,WEST 1ST AVENUE,VAN,AN,Leuvin ,NO,,
6,0638-01,412,5638,BIRNEY AVENUE,VAN,KH,Leuvin ,NO,,
6,0639-01,606,8238,LORD STREET,VAN,KH,Leuvin ,YES,,
6,0640-01,403,1050,SMITHE STREET,VAN,AN,Leuvin ,YES,,
6,0643-01,2102,489,INTERURBAN WAY,VAN,KH,Leuvin ,YES,,
6,0644-01,902,8238,LORD STREET,VAN,KH,Leuvin ,YES,,
6,0645-01,1906,1133,HORNBY STREET,VAN,AN,Leuvin ,YES,,
6,0647-01,707,1678,PULLMAN PORTER STREET,VAN,JR,Leuvin ,YES,,
6,0650-01,2003,488,SW MARINE DRIVE,VAN,KH,Leuvin ,YES,,
6,0653-01,1006,8238,LORD STREET,VAN,KH,Leuvin ,YES,,
6,0655-01,1105,8189,CAMBIE STREET,VAN,KH,Leuvin ,YES,,
6,0660-01,420,1330,BURRARD STREET,VAN,JR,Leuvin ,NO,,
6,0661-01,306,8189,CAMBIE STREET,VAN,KH,Leuvin ,YES,,
6,0662-01,1004,8189,CAMBIE STREET,VAN,KH,Leuvin ,YES,NO,
6,0666-01,2306,8189,CAMBIE STREET,VAN,JR,Leuvin ,NO,,
6,0668-01,2206,5470,ORMINDALE STREET,VAN,JR,Leuvin ,YES,,
6,0670-01,223,738,EAST 29TH AVE,VAN,JR,Leuvin ,NO,,
6,0671-01,1006,8189,CAMBIE STREET,VAN,KH,Leuvin ,NO,,
6,0672-01,408,523,WEST KING EDWARD AVENUE ,VAN,KH,Leuvin ,YES,,
6,0673-01,501,1688,PULLMAN PORTER STREET,VAN,JR,Leuvin ,YES,,
6,0674-01,904,950,DRAKE STREET,VAN,JR,Leuvin ,YES,,
6,0676-01,HOUSE,7676,ONTARIO STREET,VAN,KH,Leuvin ,N/A,NO,
6,0678-01,313,1330,BURRARD STREET,VAN,JR,Leuvin ,?,,
6,0679-01,412,1330,BURRARD STREET,VAN,JR,Leuvin ,?,,
6,0682-01,2803,8189,CAMBIE STREET,VAN,KH,Leuvin ,YES,,
6,0684-01,223,1777,WEST 7TH AVENUE,VAN,KH,Leuvin ,YES,,
6,0685-01,303,2036,WEST 10TH AVENUE,VAN,KH,Leuvin ,YES,,
6,0687-01,502,983,EAST HASTINGS,VAN,AN,Leuvin ,NO,,
6,0688-01,2403,183,KEEFER PLACE,VAN,KH,Leuvin ,NO,,
6,0689-01,203,8238,LORD STREET,VAN,KH,Leuvin ,YES,,
6,0692-01,306,1777,WEST 7TH AVENUE,VAN,KH,Leuvin ,NO,,
6,0694-01,205,1530,West 8TH AVENUE,VAN,KH,Leuvin ,YES ,,
6,0695-01,2005,8189,CAMBIE STREET,VAN,KH,Leuvin ,YES,,
6,0699-01,316,3289,RIVERWALK AVENUE,VAN,JR,Leuvin ,YES,,
11,1101-01,HOUSE,1386,EAST 15TH STREET,NVAN,AN,Princes,N/A,,
11,1104-01,HOUSE,1495,MATHERS AVENUE,WVAN,AN,Princes,N/A,,
11,1105-01,1106,111,EAST 13TH STREET,NVAN,AN,Princes,YES,,
11,1107-01,801,125,EAST 14TH STREET,NVAN,AN,Princes,YES,,
11,1110-01,309,125,EAST 14TH STREET,NVAN,AN,Princes,YES,,
11,1116-01,1110,125,EAST 14TH STREET,NVAN,AN,Princes,NO,,
11,1117-01,502,125,EAST 14TH STREET,NVAN,AN,Princes,YES,,
11,1122-01,23,288,ST. DAVID'S AVENUE,NVAN,AN,Princes,NO,,
11,1125-01,310,4323,GALLANT AVENUE,NVAN,AN,Princes,YES,YES,
11,1127-01,104,1320,CHESTERFIELD AVE,NVAN,AN,Princes,NO,NO,
11,1128-01,312,4078,KNIGHT STREET,VAN,JR,Princes,NO,NO,
11,1130-01,1103,112,EAST 13TH STREET,NVAN,AN,Princes,NO,NO,
11,1132-01,803,188,EAST ESPLANADE,NVAN,AN,Princes,YES,,
11,1133-01,413,1111,LYNN VALLEY ROAD,NVAN,AN,Princes,YES,,
11,1134-01,TH,3381,WILLIAM AVENUE,NVAN,AN,Princes,YES,NO,
11,1135-01,10,3130,ST JOHNS STREET,PMDY,AA,Princes,NO,NO,
11,1140-01,807,168,EAST ESPLANADE,NVAN,AN,Princes,NO,,
11,1141-01,1003,135,EAST 17TH STREET,NVAN,AN,Princes,Y,,
11,1142-01,305,1182,WEST 16th AVENUE,NVAN,AN,Princes,YES,,
11,1143-01,1608,188,EAST ESPLANADE,NVAN,AN,Princes,NO,,
11,1146-01,501,988,KEITH ROAD,WVAN,AN,Princes,NO,,
11,1150-01,208,1182,WEST 16th AVENUE,NVAN,AN,Princes,NO,,
11,1151-01,203,1871,MARINE DRIVE,WVAN,AN,Princes,YES,,
11,1152-01,1106,135,EAST 17TH STREET,NVAN,AN,Princes,NO,,
11,1154-01,401,175,WEST 1ST STREET,NVAN,AN,Princes,NO,,
11,1157-01,HOUSE,1838,MAHON AVE ,NVAN,AN,Princes,N/A,,
11,1158-01,217,3205,MOUNTAIN HWY,NVAN,AN,Princes,NO,NO,
11,1162-01,303,1295,CONIFER STREET,NVAN,JR,Princes,NO,,
11,1165-01,711,175,VICTORY SHIPWAY,NVAN,AN,Princes,YES,,
11,1166-01,TH,909,HERITAGE BLVD,NVAN,AN,Princes,YES,,
11,1167-01,115,649,EAST 3RD STREET,NVAN,AN,Princes,YES,,
11,1168-01,201,2785,LIBRARY LANE,NVAN,AN,Princes,YES,NO,
11,1169-01,500,866,ARTHUR ERICKSON PLACE,WVAN,AN,Princes,YES,NO,
11,1171-01,608,1210,EAST 27TH AVENUE,NVAN,AN,Princes,YES,NO,
11,1172-01,1004,2785,LIBRARY LANE,NVAN,AN,Princes,YES,NO,
11,1173-01,111,3205,MOUNTAIN HWY,NVAN,AN,Princes,NO,YES,
11,1175-01,305,2707,LIBRARY LANE,NVAN,AN,Princes,YES,NO,
11,1176-01,302,1061,MARINE DRIVE ,NVAN,AN,Princes,YES,NO,
11,1177-01,105,715,WEST 15TH STREET,NVAN,AN,Princes,NO,NO,
11,1178-01,101,715,WEST 15TH STREET,NVAN,AN,Princes,NO,YES,
11,1180-01,107,827,WEST 16TH STREET,NVAN,AN,Princes,YES,NO,
11,1181-01,210,1633,TATLOW AVENUE,NVAN,AN,Princes,NO,NO,
11,1185-01,1704,1320,CHESTERFIELD AVENUE,NVAN,AN,Princes,NO,NO,
11,1188-01,405,118,CARRIE CATES COURT,NVAN,AN,Princes,YES,NO,
11,1189-01,605,125,EAST 14TH STREET,NVAN,AN,Princes,NO,NO,
11,1190-01,HOUSE,709,KEITH ROAD EAST,NVAN,AN,Princes,NA,YES,
11,1192-01,909,1550,FERN STREET,NVAN,AN,Princes,YES,NO,
11,1193-01,904,1471,HUNTER STREET,NVAN,AN,Princes,NO,NO,
11,1193-02,1408,1471,HUNTER STREET,NVAN,AN,Princes,NO,NO,
11,1194-01,601,1471,HUNTER STREET,NVAN,AN,Princes,YES,NO,
11,1195-01,902,1471,HUNTER STREET,NVAN,AN,Princes,NO,YES,
11,1196-01,1106,1471,HUNTER STREET,NVAN,AN,Princes,NO,YES,
11,1197-01,908,1471,HUNTER STREET,NVAN,AN,Princes,NO,YES,
11,1198-01,1303,1471,HUNTER STREET,NVAN,AN,Princes,NO,YES,
11,1199-01,,1433,HUNTER STREET,NVAN,AN,Princes,NO,NO,
11,1199-02,11,1818,CHESTERFIELD AVENUE,NVAN,AN,Princes,NO,NO,
12,1201-01,2701,2008,ROSSER AVENUE,BBY,AA,Vanessa, YES ,,
12,1202-01,108A,1690,AUGUSTA AVENUE ,BBY,AA,Vanessa,NO,,
12,1206-01,209B,1750,AUGUSTA AVENUE,BBY,AA,Vanessa,NO,,
12,1208-01,2203,15,EAST ROYAL AVENUE,NWEST,JR,Vanessa,NO,,
12,1210-01,,4661,BRENTLAWN DRIVE,BBY,AA,Vanessa, NO ,,
12,1213-01,403,6508,DENBIGH STREET,BBY,AA,Vanessa,YES,,
12,1216-01,6,6539,ELGIN AVENUE,BBY,AA,Vanessa,YES,,
12,1217-01,905,2077,ROSSER AVENUE,BBY,AA,Vanessa,YES,,
12,1219-01,2204,2077,ROSSER AVENUE,BBY,AA,Vanessa,YES,,
12,1220-01,1803,4400,BUCHANAN STREET,BBY,AA,Vanessa,NO,,
12,1224-01,HOUSE,1916,8TH AVENUE,NWEST,JR,Vanessa,N/A,,
12,1227-01,TH,7482,HAWTHORNE TERRACE,BBY,AA,Vanessa,NO,,
12,1228-01,304,7,RIALTO COURT,NWEST,JR,Vanessa,NO,,
12,1230-01,802,9521,CARDSTON COURT,BBY,AA,Vanessa,YES,,
12,1231-01,Main floor,4671,FAIRLAWN DRIVE,BBY,JR,Vanessa,NO,,
12,1231-02,Basement,4671,FAIRLAWN DRIVE,BBY,JR,Vanessa,NO,,
12,1234-01,206,9868,CAMERON STREET,BBY,AA,Vanessa,NO,,
12,1235-01,701,4888,BRENTWOOD DRIVE,BBY,AA,Vanessa, YES ,,
12,1237-01,3511,6098,STATION STREET,BBY,AA,Vanessa, YES ,,
12,1238-01,2104,4118,DAWSON STREET,BBY,AA,Vanessa,YES,,
12,1240-01,1310,2008,ROSSER AVENUE,BBY,AA ,Vanessa, YES ,,
12,1244-01,1402,2008,ROSSER AVENUE,BBY,AA,Vanessa, YES ,,
12,1246-01,3201,4485,SKYLINE DRIVE,BBY,AA,Vanessa, YES ,,
12,1248-01,215,4363,HALIFAX STREET,BBY,AA,Vanessa,YES,,
12,1256-01,335,7088,14TH AVE,BBY,AA,Vanessa,YES,,
12,1258-01,606,2378,ALPHA AVENUE,BBY,AA,Vanessa,YES,,
12,1264-01,608,680,NHARKSON STREET,NWEST,JR,Vanessa,YES,,
12,1268-01,HOUSE,3862,WINLAKE CRESCENT,BBY,AA,Vanessa,N/A,,
12,1271-01,107,7478,BYRNEPARK WALK,BBY,KH,Vanessa,YES,,
12,1277-01,2006,2008,ROSSER AVENUE,BBY,AA,Vanessa, NO ,,
12,1278-01,,6531,RANDOLPH AVENUE,BBY,AA,Vanessa, NO ,,
12,1278-02,,6529,RANDOLPH AVENUE,BBY,AA,Vanessa, NO ,,
12,1283-01,1503,4182,DAWSON STREET,BBY,AA,Vanessa,NO,,
12,1285-01,1106,121,10TH STREET,NWEST,AA,Vanessa,YES,,
12,1287-01,225,5788,SIDLEY STREET,BBY,AA,Vanessa,NO,,
12,1292-01,1102,4182,DAWSON STREET,BBY,AA,Vanessa,YES,,
12,1293-01,306,4690,HAZEL STREET,BBY,AA,Vanessa,NO,,
12,1295-01,409,4768,BRENTWOOD DRIVE,BBY,AA,Vanessa, YES ,,
12,1296-01,508,7088,SALISBURY AVENUE,BBY,AA,Vanessa,YES,,
12,1299-01,2505,2008,ROSSER AVENUE,BBY,AA,Vanessa, YES ,,
13,1301-01,232,5311,CEDARBRIDGE WAY,RMD,KH,Stanley,YES,,
13,1303-01,521,9371,HEMLOCK DRIVE,RMD,KH,Stanley,NO,,
13,1305-01,1306,7888,SABA ROAD,RMD,KH,Stanley,YES,,
13,1307-01,1606,5068,KWANTLEN STREET,RMD,KH,Stanley,YES,,
13,1319-01,1005,7680,GRANVILLE AVENUE,RMD,KH,Stanley,NO,,
13,1322-01,218,7633,ST. ALBANS ROAD,RMD,KH,Stanley,YES,,
13,1323-01,807,6351,BUSWELL STREET,RMD,KH,Stanley,NO,NO,
13,1324-01,702,10788,NO. 5 ROAD,RMD,KH,Stanley,YES,NO,
13,1325-01,TH16,5619,CEDARBRIDGE WAY,RMD,KH,Stanley,NO,NO,
13,1327-01,691,4133,STOLBERG STREET,RMD,KH,Stanley,NO,NO,
13,1329-01,27,8288,NO. 1 ROAD,RMD,KH,Stanley,YES,YES,
13,1330-01,1503,8100,SABA ROAD,RMD,KH,Stanley,NO,YES,
13,1331-01,30,10233,RIVER DRIVE,RMD,KH,Stanley,NO,NO,
13,1332-01,203,8870,CITATION DRIVE,RMD,KH,Stanley,YES,NO,
13,1333-01,703,7368,GOLLNER AVE,RMD,KH,Stanley,NO,NO,
13,1335-01,11,10233,RIVER DRIVE,RMD,KH,Stanley,NO,NO,
13,1336-01,HOUSE,11291,SEAHAM CRESCENT,RMD,KH,Stanley,NO,NO,
13,1337-01,906,6200,RIVER ROAD,RMD,KH,Stanley,YES,YES,
13,1338-01,119,5311,CEDARBRIDGE WAY,RMD,KH,Stanley,NO,YES,
13,1339-01,813,3333,BORWN ROAD,RMD,KH,Stanley,YES,NO,
13,1340-01,119,9366,TOMIKI AVE.,RMD,KH,Stanley,YES,NO,
13,1344-01,HOUSE,4831,LARKSPUR AVENUE,RMD,KH,Stanley,NO,NO,
13,1345-01,603,8080,CAMBIE ROAD,RMD,KH,Stanley,YES,NO,
13,1347-02,HOUSE,8431,DORVAL ROAD,RMD,KH,Stanley,NO,NO,
13,1349-01,105,5500,ARCADIA ROAD,RMD,KH,Stanley,NO,,
13,1351-01,1205,3333,CORVETTE WAY,RMD,KH,Stanley,NO,NO,
13,1356-02,316,8511,ACKROYD ROAD,RMD,AN,Stanley,NO,,
13,1357-01,305,6960,NICHOLSON ROAD,DELTA,JR,Stanley,YES,NO,
13,1358-01,515,6960,NICHOLSON ROAD,DELTA,JR,Stanley,YES,NO,
13,1359-01,1,7600,BLUNDELL ROAD,RMD,KH,Stanley,,,
13,1360-01,19,8433,BENNETT ROAD,RMD,KH,Stanley,YES,YES,
13,1361-01,9,9451,WILLIAMS ROAD,RMD,KH,Stanley,YES,NO,
13,1365-01,513,10788,NO. 5 ROAD,RMD,KH,Stanley,NO,NO,
13,1366-01,HOUSE,11640,SEATON ROAD,RMD,KH,Stanley,NA,NO,
13,1367-01,508,8180,LANSDOWNE ROAD,RMD,AN,Stanley,NO,NO,
13,1369-01,305,8628,HAZELBRIDGE WAY,RMD,KH,Stanley,NO,NO,
13,1370-01,903,5868,AGRONOMY ROAD,VAN,BW,Stanley,YES,NO,
13,1371-01,402,8180,LANSDOWNE ROAD,RMD,KH,Stanley,NO,NO,
13,1372-01,247,7471,MINORU BLVD,RMD,KH,Stanley,NO,NO,
13,1373-01,1211,8133,COOK ROAD,RMD,KH,Stanley,NO,NO,
13,1374-01,HOUSE,12260,Flury Dr,RMD,KH,Stanley,NO,NO,
13,1375-01,1114,6808,Minoru Blvd.,RMD,KH,Stanley,YES,NO,
13,1376-01,908,6788,MINORU BLVD,RMD,KH,Stanley,YES,NO,
13,1377-01,217,9233,ODLIN ROAD,RMD,KH,Stanley,YES,NO,
13,1378-01,513,7080,ALBANS ROAD,RMD,KH,Stanley,NO,NO,
13,1379-01,1607,8033,SABA ROAD,RMD,KH,Stanley,NO,NO,
13,1380-01,33,11393,STEVESTON HWY,RMD,KH,Stanley,YES,NO,
13,1381-01,604,7708,ALDERBRIDGE WAY,RMD,KH,Stanley,YES,NO,
13,1382-01,608,8033,SABA ROAD,RMD,KH,Stanley,NO,NO,
13,1385-01,400,7760,GRANVILLE AVENUE,RMD,KH,Stanley,NO,,
13,1396-01,404,8811,LANSDOWNE ROAD,RMD,KH,Stanley,NO,,
14,1402-01,3001,3080,LINCOLN AVENUE,COQ,AA,Leuvin ,YES,,
14,1404-01,,1527,BRAMWHE LANE,COQ,AA,Leuvin ,NO,,
14,1407-01,38,1125,KENSAL PLACE,COQ,AA,Leuvin ,YES,,
14,1408-01,709,602,COMO LAKE AVENUE,COQ,AA,Leuvin ,Yes,,
14,1415-01,2501,530,WHITING WAY,COQ,AA,Leuvin ,YES,,
14,1416-01,3302,2975,ATLANTIC AVE,COQ,AA,Leuvin ,YES,,
14,1420-01,605,570,EMERSON STREET,COQ,AA,Leuvin ,YES,,
14,1421-01,404,1145,HEFFELY CRESCENT,COQ,AA,Leuvin ,YES,,
14,1425-01,2607,660,NOOTKA WAY,PMDY,AA,Leuvin ,?,,
14,1426-01,HOUSE,3190,BOWEN DRIVE,COQ,AA,Leuvin ,N/A,,
14,1428-01,120,618,LANGSIDE AVE,COQ,AA,Leuvin ,YES,,
14,1439-01,1105,2979,GLEN DRIVE ,COQ,AA,Leuvin ,YES,,
14,1440-01,1609,3080,LINCOLN AVENUE,COQ,AA,Leuvin ,YES,,
14,1441-01,608,651,NOOTKA WAY,PMDY,AA,Leuvin ,YES,,
14,1443-01,216,1330,GENEST WAY,COQ,AA,Leuvin ,?,,
14,1445-01,909,3080,LINCOLN AVENUE,COQ,AA,Leuvin ,NO,,
14,1449-01,2303,657,WHITING WAY,COQ,AA,Leuvin ,YES,NO,
14,1450-01,2910,657,WHITING WAY,COQ,AA,Leuvin ,YES,NO,
14,1454-01,HOUSE,3355,MILLARD AVE,COQ,AA,Leuvin ,N/A,,
14,1455-01,2901,657,WHITING WAY,COQ,AA,Leuvin ,YES,NO,
14,1457-01,1809,3080,LINCOLN AVENUE,COQ,AA,Leuvin ,YES,,
14,1458-01,1608,575,DELESTRE AVENUE,COQ,AA,Leuvin ,?,,
14,1461-01,2503,530,WHITING WAY,COQ,AA,Leuvin ,YES,,
14,1462-01,403,2960,PRINCESS CRESCENT,COQ,AA,Leuvin ,NO,,
14,1465-01,1604,570,EMERSON STREET,COQ,AA,Leuvin ,NO,,
14,1467-01,3602,3080,LINCOLN AVENUE,COQ,AA,Leuvin ,YES,,
14,1472-01,75,1338,HAMES CRESCENT,COQ,AA,Leuvin ,YES,,
14,1474-01,2206,520,COMO LAKE AVENUE,COQ,AA,Leuvin ,YES,,
14,1476-01,210,711,BRESLAY STREET,COQ,AA,Leuvin ,NO,NO,
14,1480-01,2508,602,COMO LAKE AVENUE,COQ,AA,Leuvin ,NO,NO,
14,1482-01,3801,3080,LINCOLN AVENUE,COQ,AA,Leuvin ,NO,,
14,1485-01,110,3107,WINDSOR GATE,COQ,AA,Leuvin ,YES,,
14,1487-01,205,555,DELESTRE AVENUE,COQ,AA,Leuvin ,YES,,
14,1490-01,HOUSE,1367,LANDSDOWNE DRIVE,COQ,AA,Leuvin ,N/A,,
14,1492-01,1006,301,CAPILANO ROAD,PMDY,AA,Leuvin ,YES,,
14,1497-01,1707,660,NOOTKA WAY,PMDY,AA,Leuvin ,NO,,
15,1501-01,406,674,WEST 17TH AVENUE,VAN,AN,Stanley,NO,NO,
15,1502-01,406,789,DRAKE STREET,VAN,AN,Stanley, YES,YES,
15,1503-01,707,2055,YUKON STREET,VAN,KH,Stanley,NO,YES,
15,1508-01,1506,1708,COLUMBIA STREET,VAN,JR,Stanley,YES,NO,
15,1512-01,TH,7819,OAK STREET,VAN,KH,Stanley,NO,YES,
15,1514-01,112,7089,MONT ROYAL SQUARE,VAN,AA,Stanley,NO,NO,
15,1517-01,625,1777,WEST 7TH AVENUE,VAN,KH,Stanley,YES,NO,
15,1520-01,HOUSE,486,WEST 26TH AVENUE,VAN,KH,Stanley,NO,NO,
15,1531-01,202,1708,ONTARIO STREET,VAN,KH,Stanley,YES,NO,
15,1533-01,1607,1372,SEYMOUR STREET,VAN,AN,Stanley,YES,,
15,1534-01,302,1159,MAIN STREET,VAN,AN,Stanley,YES,,
15,1539-01,HOUSE,439,EAST 46TH AVENUE,VAN,JR,Stanley,NO,,
15,1541-01,,2463,WEST 35TH AVENUE,VAN,JR,Stanley,YES,,
15,1542-01,203,1200,WEST 10TH AVENUE,VAN,AN,Stanley,NO,,
15,1543-01,1204,1030,WEST BROADWAY,VAN,KH,Stanley,YES,,
15,1544-01,,4994,MAIN STREET,VAN,JR,Stanley,N/A,,
15,1545-01,,4998,MAIN STREET,VAN,JR,Stanley,N/A,,
15,1546-01,306,8238,LORD STREET,VAN,KH,Stanley,YES,,
15,1551-01,304,1823,WEST 7TH AVENUE,VAN,KH,Stanley,NO,,
15,1555-01,HOUSE,7768,OSLER STREET,VAN,KH,Stanley,N/A,,
15,1556-01,402,4028,KNIGHT STREET,VAN,AA,Stanley,NO,,
15,1558-01,205,3168,RIVERWALK AVENUE,VAN,AA,Stanley,NO,,
15,1562-01,914,1010,HOWE STREET,VAN,JR,Stanley,YES,,
15,1563-01,306,6383,CAMBIE STREET,VAN,KH,Stanley,YES,,
15,1566-01,301,4355,WEST 10TH AVENUE,VAN,KH,Stanley,NO,,
15,1568-01,,3521,EAST 27TH AVENUE,VAN,AA,Stanley,HOUSE,,
15,1570-01,302,2141,EAST HASTINGS STREET,VAN,KH,Stanley,YES,,
15,1572-01,TH,142,WEST 14TH AVENUE,VAN,JR,Stanley,NO,,
15,1576-01,112,2033,TRIUMPH STREET,VAN,JR,Stanley,NO,,
15,1578-01,,2814,WEST 32ND AVENUE,VAN,JR,Stanley,YES,,
15,1580-01,102,5770,OAK STREET,VAN,JR,Stanley,YES,,
15,1584-01,401,1200,WEST 10TH AVENUE,VAN,JR,Stanley,NO,,
15,1588-01,102,2255,WEST 5TH AVENUE,VAN,KH,Stanley,NO,,
15,1589-01,423,1045,HARO STREET,VAN,AN,Stanley,NO,,
15,1593-01,,7922,GRANVILLE STREET,VAN,JR,Stanley,N/A,,
15,1595-01,566,108,WEST 1ST AVENUE,VAN,AN,Stanley,YES,,
15,1597-01,1002,138,WEST 1ST AVENUE,VAN,KH,Stanley,YES,,
15,1599-01,120,1777,WEST 7TH AVENUE,VAN,KH,Stanley,YES,,
16,1602-03,1807,1166,MELVILLE STREET,VAN,JR,Leuvin ,NO,,
16,1602-04,402,888,HAMILTON STREET,VAN,JR,Leuvin ,NO,,
16,1604-01,1109,550,TAYLOR STREET,VAN,JR,Leuvin ,NO,,
16,1605-01,2102,1325,ROLSTON STREET,VAN,AN,Leuvin ,YES,,
16,1609-01,1003,125,MILROSS AVENUE,VAN,KH,Leuvin ,YES,,
16,1610-01,1001,1199,SEYMOUR STREET,VAN,AN,Leuvin ,YES,,
16,1611-01,2706,1331,ALBERNI STREET,VAN,AN,Leuvin ,YES,,
16,1613-01,2806,1331,ALBERNI STREET,VAN,AN,Leuvin ,YES,,
16,1614-01,201,1331,ALBERNI STREET,VAN,AN,Leuvin ,YES,,
16,1615-01,401,1055,HOMER STREET,VAN,AN,Leuvin ,YES,,
16,1618-01,2807,1068,HORNBY STREET,VAN,KH,Leuvin ,YES,,
16,1619-01,303,989,BEATTY STREET,VAN,AN,Leuvin ,YES,,
16,1621-01,2206,1189,HOWE STREET,VAN,JR,Leuvin ,NO,,
16,1626-01,901,438,SEYMOUR STREET,VAN,JR,Leuvin ,YES,,
16,1629-01,901,1575,BEACH AVENUE ,VAN,AN,Leuvin ,NO,,
16,1634-01,707,1068,HORNBY STREET,VAN,AN,Leuvin ,NO,,
16,1635-01,710,1088,RICHARDS STREET,VAN,AN,Leuvin ,YES,NO,
16,1635-02,2506,1283,HOWE STREET,VAN,AN,Leuvin ,YES,NO,
16,1641-01,701,1455,HOWE STREET,VAN,AN,Leuvin ,NO,,
16,1642-01,510,22,EAST CORDOVA STREET,VAN,JR,Leuvin ,YES,,
16,1643-01,406,1238,HOMER STREET,VAN,JR,Leuvin ,NO,,
16,1644-01,408,888,PACIFIC STREET,VAN,AN,Leuvin ,YES,YES,
16,1646-01,3010,610,GRANVILLE STREET,VAN,AN,Leuvin ,YES,YES,
16,1648-01,1906,565,SMITHE STREET,VAN,AN,Leuvin ,YES,YES,
16,1650-01,606,538,SMITHE STREET,VAN,AN,Leuvin ,YES,,
16,1651-01,305,1718,NELSON STREET,VAN,JR,Leuvin ,YES,,
16,1653-01,701,1028,BAANLAY STREET,VAN,JR,Leuvin ,YES,NO,
16,1655-01,1107,1323,HOMER STREET,VAN,KH,Leuvin ,NO,NO,
16,1656-01,903,438,SEYMOUR STREET,VAN,JR,Leuvin ,YES,,
16,1657-01,401,1133,HARWOOD STREET,VAN,JR,Leuvin ,NO,,
16,1658-01,706,438,SEYMOUR STREET,VAN,JR,Leuvin ,NO,,
16,1661-01,1802,565,SMITHE STREET,VAN,KH,Leuvin ,YES,,
16,1662-01,606,161,EAST 1ST AVENUE,VAN,KH,Leuvin ,YES,,
16,1663-01,701,777,RICHARDS STREET,VAN,AN,Leuvin ,YES,,
16,1664-01,2208,1331,ALBERNI STREET,VAN,AN,Leuvin ,NO,,
16,1664-02,1604,1189,MELVILLE STREET,VAN,AN,Leuvin ,NO,,
16,1664-03,1606,1331,ALBERNI STREET,VAN,AN,Leuvin ,NO,,
16,1665-01,2511,777,RICHARDS STREET,VAN,KH,Leuvin ,YES,,
16,1666-01,1702,438,SEYMOUR STREET,VAN,JR,Leuvin ,YES,,
16,1669-01,1703,125,MILROSS AVENUE,VAN,AN,Leuvin ,NO,NO,
16,1670-01,2413,610,GRANVILLE STREET,VAN,AN,Leuvin ,YES,NO,
16,1672-01,,2072,WEST 4TH AVENUE,VAN,JR,Leuvin ,YES,,
16,1673-01,,2081,WEST 4TH AVENUE,VAN,JR,Leuvin ,YES,,
16,1674-01,2602,1239,W. GEORGIA STREET,VAN,JR,Leuvin ,NO,,
16,1675-01,1304,928,RICHARDS STREET,VAN,AN,Leuvin ,YES,,
16,1677-01,204,1277,NELSON STREET,VAN,KH,Leuvin ,NO,NO,
16,1678-01,1506,777,RICHARDS STREET,VAN,KH,Leuvin ,YES,,
16,1690-01,1806,535,SMITHE STREET,VAN,AN,Leuvin ,YES,,
16,1691-01,704,888,PACIFIC STREET,VAN,AN,Leuvin ,NO,,
16,1692-01,1305,1003,BURNABY STREET,VAN,JR,Leuvin ,,,
16,1693-01,1701,1625,HORNBY STREET,VAN,AN,Leuvin ,NO,NO,
16,1694-01,906,928,HOMER STREET,VAN,AN,Leuvin ,NO,NO,
16,1695-01,1006,789,DRAKE STREET,VAN,AN,Leuvin ,NO,NO,
16,1696-01,3004,888,HOMER STREET,VAN,AN,Leuvin ,YES,NO,
16,1698-01,1208,1088,RICHARDS STREET,VAN,AN,Leuvin ,NO,YES,
16,1699-01,HOUSE,6821,QUEBEC STREET,VAN,KH,Leuvin ,NO,NO,
17,1702-01,410,445,WEST 2ND AVENUE,VAN,JR,Leuvin ,YES,,
17,1705-01,303,3487,BINNING ROAD,VAN,KH,Leuvin ,YES,,
17,1706-01,410,7428,ALBERTA STREET,VAN,KH,Leuvin ,NO,NO,
17,1707-01,801,1775,QUEBEC STREET,VAN,AN,Leuvin ,YES,,
17,1708-01,701,1561,WEST 57TH AVE,VAN,AN,Leuvin ,NO,,
17,1709-01,312,7128,ADERA STREET,VAN,KH,Leuvin ,YES,,
17,1712-01,302,1188,QUEBEC STREET,VAN,AN,Leuvin ,YES,,
17,1713-01,805,1690,WEST 8TH AVENUE,VAN,KH,Leuvin ,YES,,
17,1714-01,1804,1238,SEYMOUR STREET,VAN,JR,Leuvin ,NO,,
17,1715-01,HOUSE,2894,WEST 24TH AVENUE,VAN,KH,Leuvin ,NO,,
17,1716-01,HOUSE,4627,GOTHARD STREET,VAN,AA,Leuvin ,NO,,
17,1718-01,503,2435,KINGSWAY,VAN,AN,Leuvin ,YES,YES,
17,1719-01,204,523,WEST KING EDWARD AVENUE,VAN,KH,Leuvin ,YES,,
17,1720-01,2204,535,SMITHE STREET,VAN,AN,Leuvin ,YES,,
17,1721-01,105,523,WEST KING EDWARD AVENUE,VAN,KH,Leuvin ,YES,,
17,1722-01,211,523,WEST KING EDWARD AVENUE,VAN,KH,Leuvin ,YES,,
17,1724-01,707,2033,WEST 10TH AVENUE,VAN,KH,Leuvin ,NO,,
17,1726-01,2105,8538,RIVER DISTRICT CROSSING,VAN,JR,Leuvin ,NO,,
17,1727-01,TH,1075,EXPO BOULEVARD,VAN,AN,Leuvin ,YES,,
17,1730-01,607,8189,CAMBIE STREET,VAN,KH,Leuvin ,NO,NO,
17,1731-01,601,6933,CAMBIE STREET,VAN,KH,Leuvin ,YES,NO,
17,1732-01,304,523,WEST KING EDWARD AVENUE,VAN,KH,Leuvin ,YES,NO,
17,1733-02,2004,4815,ELDORADO MEWS,VAN,AA,Leuvin ,YES,NO,
17,1734-01,304,3720,WEST 8TH AVENUE,VAN,KH,Leuvin ,YES,NO,
17,1736-01,361,2080,W. BROADWAY,VAN,KH,Leuvin ,YES,NO,
17,1737-01,608,2851,HEATHER STREET,VAN,AN,Leuvin ,NO,NO,
17,1738-01,2004,438,SEYMOUR STREET,VAN,JR,Leuvin ,NO,,
17,1739-01,1208,285,E. 10TH AVE,VAN,AN,Leuvin ,YES,NO,
17,1740-01,HOUSE,4888,MARGUERITE STREET,VAN,KH,Leuvin ,N/A,NO,
17,1741-01,206,523,WEST KING EDWARD AVENUE,VAN,KH,Leuvin ,YES,NO,
17,1742-01,303,555,WEST 14TH AVENUE,VAN,JR,Leuvin ,NO,NO,
17,1743-01,1503,489,INTERURBAN WAY,VAN,KH,Leuvin ,YES,NO,
17,1744-01,108,523,WEST KING EDWARD AVENUE,VAN,KH,Leuvin ,YES,NO,
17,1745-01,1605,811,HELMCKEN STREET,VAN,JR,Leuvin ,YES,,
17,1746-01,1105,1661,QUEBEC STREET,VAN,AN,Leuvin ,YES,YES,
17,1751-01,303,4988,CAMBIE STREET,VAN,KH,Leuvin ,NO,NO,
17,1752-01,21,1388,WEST 6TH AVENUE,VAN,AN,Leuvin ,YES,NO,
17,1753-01,1406,488,SW MARINE DRIVE,VAN,KH,Leuvin ,YES,NO,
17,1755-01,1108,1708,ONTARIO STREET,VAN,KH,Leuvin ,NO,NO,
17,1756-01,1406,5629,BIRNEY AVENUE,VAN,KH,Leuvin ,NO,NO,
17,1757-01,302,4028,KNIGHT STREET,VAN,JR,Leuvin ,YES,NO,
17,1758-01,701,5629,BIRNEY AVE,VAN,KH,Leuvin ,YES,YES,
17,1763-01,M102,5681,BIRNEY AVENUE,VAN,KH,Leuvin ,NO,NO,
17,1771-01,1707,3520,CROWLEY DRIVE,VAN,AN,Leuvin ,NO,NO,
17,1772-01,603,1068,WEST BROADWAY,VAN,KH,Leuvin ,YES,NO,
17,1773-01,708,1030,WEST BROADWAY,VAN,KH,Leuvin ,YES,NO,
17,1774-01,601,3228,TUPPER STREET,VAN,KH,Leuvin ,NO,NO,
17,1775-01,TH,7876,OAK STREET,VAN,KH,Leuvin ,NO,YES,
17,1776-01,609,238,WEST BROADWAY,VAN,KH,Leuvin ,NO,NO,
17,1777-01,309,1210,WEST 8TH AVENUE,VAN,KH,Leuvin ,YES,YES,
17,1778-01,3,2223,PRINCE EDWARD ST,VAN,JR,Leuvin ,YES,NO,
17,1779-01,2304,7433,CAMBIE STREET,VAN,KH,Leuvin ,YES,YES,
17,1780-01,305,1628,W 4TH AVENUE,VAN,KH,Leuvin ,YES,NO,
17,1781-01,1904,1238,SEYMOUR STREET,VAN,JR,Leuvin ,NO,,
17,1782-01,M308,5681,BIRNEY AVENUE,VAN,KH,Leuvin ,YES,NO,
17,1783-01,HOUSE,3647,HENNEPIN AVENUE,VAN,AA,Leuvin ,NO,NO,
17,1786-01,1209,108,WEST 1ST AVENUE,VAN,AN,Leuvin ,YES,NO,
17,1790-01,1308,5058,JOYCE STREET,VAN,AA,Leuvin ,YES,YES,
17,1792-01,1015,180,EAST 2ND AVENUE,VAN,AN,Leuvin ,YES,NO,
17,1793-01,1111,5665,BOUNDARY ROAD,VAN,KH,Leuvin ,YES,NO,
17,1795-01,305,939,HOMER STREET,VAN,JR,Leuvin ,YES,,
17,1798-01,1804,8189,CAMBIE STREET,VAN,KH,Leuvin ,YES,,
18,1804-01,415,311,EAST 6TH AVENUE,VAN,AA,Vanessa,YES,,
18,1805-01,1703,489,INTERURBAN WAY,VAN,KH,Vanessa,YES,,
18,1807-01,311,2150,BRUNSWICK AVENUE,VAN,KH,Vanessa,YES,,
18,1808-01,1007,1833,CROWE STREET,VAN,KH,Vanessa,YES,,
18,1809-01,315,2150,BRUNSWICK AVENUE,VAN,KH,Vanessa,YES,,
18,1815-01,603,238,WEST BROADWAY,VAN,KH,Vanessa,NO,,
18,1817-01,109,2533,PENTICTON STREET,VAN,JR,Vanessa,YES,,
18,1818-01,801,3281,E KENT AVENUE NORTH,VAN,AA,Vanessa,YES,NO,
18,1821-01,110,7988,YUKON STREET,VAN,JR,Vanessa,YES,,
18,1822-01,306,2150,BRUNSWICK AVENUE,VAN,KH,Vanessa,YES,,
18,1824-01,303,750,WEST 12TH AVENUE,VAN,KH,Vanessa,YES,,
18,1826-01,TH,66,16th AVENUE WEST,VAN,KH,Vanessa,NO,,
18,1827-01,311,4083,CAMBIE STREET,VAN,KH,Vanessa,YES,,
18,1828-01,TH,2248,ALDER ST.,VAN,JR,Vanessa,NO,,
18,1829-01,1706,3588,CROWLEY DRIVE,VAN,AA,Vanessa,YES,,
18,1833-01,602,445,WEST 2ND AVENUE,VAN,KH,Vanessa,YES,,
18,1836-01,910,5380,OBEN STREET,VAN,AA,Vanessa,YES,,
18,1838-01,709,63,WEST 2ND AVENUE,VAN,KH,Vanessa,YES,,
18,1842-01,414,750,WEST 12TH AVENUE,VAN,KH,Vanessa,YES,,
18,1843-01,517,1777,WEST 7TH AVENUE,VAN,KH,Vanessa,NO,,
18,1844-01,805,108,WEST 1ST AVENUE,VAN,AN,Vanessa,NO,,
18,1845-01,808,1783,MANITOBA STREET,VAN,AN,Vanessa,YES,,
18,1846-01,321,1777,WEST 7TH AVENUE,VAN,KH,Vanessa,YES,,
18,1848-01,1005,1783,MANITOBA STREET,VAN,KH,Vanessa,YES,,
18,1849-01,1006,1783,MANITOBA STREET,VAN,KH,Vanessa,YES,,
18,1850-01,404,985,WEST 10TH AVENUE,VAN,JR,Vanessa,YES,,
18,1851-01,1507,3588,CROWLEY DRIVE,VAN,AA,Vanessa,YES,,
18,1853-01,304,1628,WEST 4TH AVENUE,VAN,KH,Vanessa,YES,,
18,1855-01,401,674,WEST 17TH AVENUE,VAN,KH,Vanessa,NO,,
18,1856-01,701,1661,ONTARIO STREET,VAN,AN,Vanessa,NO,,
18,1860-01,201,4818,ELDORADO MEWS,VAN,AA ,Vanessa,YES,,
18,1861-01,305,522,WEST 8TH AVENUE,VAN,KH,Vanessa,YES,,
18,1863-01,504,508,WEST 29TH AVENUE,VAN,KH,Vanessa,YES,,
18,1864-01,305,508,WEST 29TH AVENUE,VAN,KH,Vanessa,YES,,
18,1865-01,205,4539,CAMBIE STREET,VAN,KH,Vanessa,YES,,
18,1866-01,108,125,MILROSS AVENUE,VAN,AN,Vanessa,YES,,
18,1869-01,HOUSE,6688,CYPRESS STREET,VAN,KH,Vanessa,N/A,,
18,1876-01,901,2668,ASH STREET,VAN,KH,Vanessa,YES,,
18,1880-01,2805,8131,NUNAVUT LANE,VAN,JR,Vanessa,YES,,
18,1881-01,2905,8131,NUNAVUT LANE,VAN,JR,Vanessa,YES,,
18,1882-01,213,5770,OAK STREET,VAN,JR,Vanessa,YES,,
18,1884-01,HOUSE,3061,PARKER STREET,VAN,KH,Vanessa,N/A,,
18,1885-01,908,108,WEST 1ST AVENUE,VAN,AN,Vanessa,NO,,
18,1886-01,901,977,MAINLAND STREET,VAN,AN,Vanessa,NO,,
18,1892-01,506,1490,PENNYFARTHING DR,VAN,KH,Vanessa,NO,,
18,1895-01,110,523,WEST KING EDWARD AVENUE,VAN,KH,Vanessa,YES,NO,
18,1897-01,510B,161,EAST 1ST AVENUE,VAN,KH,Vanessa,NO,,
18,1898-01,305,89,WEST 2ND AVENUE,VAN,KH,Vanessa,YES,,
19,1901-03,210,8591,WESTMINSTER HIGHWAY (LANSDOWNE GROVE),RMD,KH,Princes,NO,,
19,1901-04,102,7220,LINDSAY ROAD,RMD,KH,Princes,NO,,
19,1901-06,110,7220,LINDSAY ROAD,RMD,KH,Princes,NO,,
19,1905-01,4,7371,MINORU BLVD,RMD,KH,Princes,YES,NO,
19,1906-01,1305,3333,CORVETTE WAY,RMD,KH,Princes,NO,NO,
19,1907-01,303,9288,ODLIN ROAD,RMD,KH,Princes,YES,YES,
19,1908-01,105,7700,ST. ALBANS ROAD,RMD,KH,Princes,YES,NO,
19,1909-01,1,7371,MINORU BLVD,RMD,KH,Princes,YES,NO,
19,1910-01,23,6833,LIVINGSTONE PLACE,RMD,KH,Princes,NO,,
19,1911-01,909,7733,FIRBRIDGE WAY ,RMD,KH,Princes,NO,NO,
19,1912-01,17,7168,LYNNWOOD DRIVE,RMD,KH,Princes,NO,,
19,1915-01,3,5700,DOVER CRESCENT,RMD,KH,Princes,NO,NO,
19,1917-01,502,6331,BUSWELL STREET,RMD,KH,Princes,YES,,
19,1918-01,606,9188,COOK ROAD,RMD,KH,Princes,YES,,
19,1922-01,1208,5788,GILBERT ROAD,RMD,KH,Princes,,,
19,1923-01,1101,7080,NO. 3 ROAD,RMD,KH,Princes,YES,,
19,1932-01,1503,7362,ELMBRIDGE WAY ,RMD,KH,Princes,NO,NO,
19,1933-01,508,7117,ELMBRIDGE WAY ,RMD,KH,Princes,NO,,
19,1937-01,128,5311,CEDARBRIDGE WAY,RMD,KH,Princes,NO,YES,
19,1938-01,306,7831,NO. 1 ROAD,RMD,KH,Princes,NO,YES,
19,1946-01,101,9299,TOMICKI AVENUE,RMD,KH,Princes,NO,,
19,1947-01,422,9500,ODLIN ROAD,RMD,KH,Princes,YES,,
19,1949-01,1609,5811,NO. 3 ROAD,RMD,KH,Princes,NO,,
19,1950-01,26,9566,TOMICKI AVENUE,RMD,KH,Princes,NO,,
19,1958-01,415,9399,TOMICKI AVENUE,RMD,KH,Princes,YES,,
19,1959-01,409,6800,ECKERSLEY ROAD,RMD,KH,Princes,NO,,
19,1960-01,302,8238,SABA ROAD,RMD,KH,Princes,NO,,
19,1962-01,HOUSE,8471,RIDEAU DRIVE,RMD,KH,Princes,N/A,,
19,1963-01,603,7360,ELMBRIDGE WAY ,RMD,KH,Princes,NO,,
19,1964-01,603,7888,SABA ROAD,RMD,KH,Princes,NO,,
19,1968-01,1604,8688,HAZELBRIDGE WAY,RMD,KH,Princes,NO,NO,
19,1970-01,806,7888,ACKROYD ROAD,RMD,KH,Princes,YES,,
19,1971-01,HOUSE,7160,AFTON DRIVE,RMD,KH,Princes,N/A,,
19,1973-01,1206,8033,SABA ROAD,RMD,KH,Princes,YES,,
19,1975-01,HOUSE,4491,TRIMARAN DRIVE,RMD,KH,Princes,N/A,,
19,1976-01,1106,7733,FIRBRIDGE WAY ,RMD,KH,Princes,YES,,
19,1981-01,1011,6188,NO. 3 ROAD,RMD,KH,Princes,NO,,
19,1983-01,305,7688,ALDERBRIDGE WAY,RMD,KH,Princes,YES,,
19,1991-01,313,3333,BROWN ROAD,RMD,KH,Princes,YES,,
20,2001-01,606,8100,SABA ROAD,RMD,KH,Stanley,YES,NO,
20,2006-01,1302,7995,WESTMINSTER HIGHWAY,RMD,KH,Stanley,YES,,
20,2008-01,708,8100,SABA ROAD,RMD,KH,Stanley,YES,,
20,2010-01,1007,8460,GRANVILLE AVENUE,RMD,KH,Stanley,NO,,
20,2017-01,708,6833,PEARSON WAY,RMD,KH,Stanley,NO,NO,
20,2018-01,203,8480,GRANVILLE AVENUE,RMD,KH,Stanley,NO,,
20,2020-01,3,7371,MINORU WHNO,RMD,KH,Stanley,YES,,
20,2024-01,808,7788,ACKROYD ROAD,RMD,KH,Stanley,YES,,
20,2025-01,,3662,HOWELL COURT,RMD,KH,Stanley,NO,,
20,2026-01,1507,7788,ACKROYD ROAD,RMD,KH,Stanley,NO,,
20,2031-01,1104,5133,GARDEN CITY ROAD,RMD,KH,Stanley,NO,,
20,2036-01,101,9199,TOMICKI AVENUE,RMD,KH,Stanley,NO,,
20,2038-01,201,8100,SABA ROAD,RMD,KH,Stanley,NO,,
20,2043-01,302,7995,WESTMINSTER HWY,RMD,KH,Stanley,NO,,
20,2045-01,3,12251,NO. 2 ROAD,RMD,KH,Stanley,NO,NO,
20,2046-01,312,9371,HEMLOCK DRIVE,RMD,KH,Stanley,YES,NO,
20,2047-01,811,7733,FIRBRIDGE WAY ,RMD,KH,Stanley,YES,,
20,2048-01,1508,8333,SWEET AVENUE,RMD,KH,Stanley,YES,,
20,2049-01,207,7800,ST. ALBANS ROAD,RMD,KH,Stanley,YES,,
20,2058-01,4,5700,DOVER CRESCENT,RMD,KH,Stanley,NO,,
20,2063-01,708,7688,ALDERBRIDGE WAY,RMD,KH,Stanley,YES,,
20,2064-01,801,7708,ALDERBRIDGE WAY,RMD,KH,Stanley,YES,,
20,2070-01,312,8120,JONES ROAD,RMD,KH,Stanley,NO,,
20,2073-01,202,8171,SABA ROAD,RMD,KH,Stanley,NO,,
20,2083-01,204,8600,ACKROYD ROAD,RMD,KH,Stanley,NO,,
20,2090-04,HOUSE,8700,LESLIE ROAD,RMD,KH,Stanley,N/A,,
21,2101-01,2601,489,INTERURBAN WAY,VAN,KH,Leuvin ,YES,,
21,2102-01,708,488,SW MARINE DRIVE,VAN,KH,Leuvin ,YES,,
21,2104-01,1206,488,SW MARINE DRIVE,VAN,KH,Leuvin ,YES,,
21,2106-01,2902,488,SW MARINE DRIVE,VAN,KH,Leuvin ,YES,,
21,2107-01,1803,1618,QUEBEC STREET,VAN,KH,Leuvin ,YES,,
21,2108-01,2807,488,SW MARINE DRIVE,VAN,KH,Leuvin ,YES,,
21,2111-01,103,5838,BERTON AVENUE,VAN,KH,Leuvin ,YES,,
21,2112-01,1004,5665,BOUNDARY ROAD,VAN,AA,Leuvin ,NO,NO,
21,2114-01,601,1530,WEST 8TH AVENUE,VAN,KH,Leuvin ,NO,,
21,2116-01,110,7089,MONT ROYAL SQUARE,VAN,AA,Leuvin ,,,
21,2121-01,711,384,EAST 1ST AVENUE,VAN,KH,Leuvin ,YES,,
21,2122-01,710,384,EAST 1ST AVENUE,VAN,KH,Leuvin ,YES,,
21,2123-01,408,8988,HUDSON STREET,VAN,KH,Leuvin ,NO,,
21,2124-01,614,2228,MARSTRAND  AVENUE,VAN,KH,Leuvin ,YES,,
21,2125-01,506,384,EAST 1ST AVENUE,VAN,KH,Leuvin ,YES,,
21,2127-01,306,417,GREAT NORTHERN WAY,VAN,KH,Leuvin ,YES,,
21,2128-01,413,417,GREAT NORTHERN WAY,VAN,KH,Leuvin ,YES,,
21,2130-01,209,384,EAST 1ST AVENUE,VAN,KH,Leuvin ,NO,,
21,2132-01,1510,5728,BERTON AVENUE,VAN,JR,Leuvin ,NO,NO,
21,2133-01,303,7088,MONT ROYAL SQUARE,VAN,AA,Leuvin ,NO,,
21,2136-02,1101,3663,CROWLEY DRIVE,VAN,AA,Leuvin ,YES,,
21,2138-01,610,417,GREAT NORTHERN WAY,VAN,KH,Leuvin ,YES,,
21,2139-01,1003,4815,ELDORADO MEWS,VAN,AA,Leuvin ,YES,,
21,2140-01,1207,110,SWITCHMEN STREET,VAN,AN,Leuvin ,YES,,
21,2143-01,HOUSE,131,EAST 41ST AVENUE,VAN,AN,Leuvin ,NO,,
21,2146-01,212,445,WEST 2ND AVENUE,VAN,AN,Leuvin ,YES,,
21,2148-01,313,1988,MAPLE STREET,VAN,KH,Leuvin ,YES,,
21,2151-01,211,5380,OBEN STREET,VAN,AA,Leuvin ,NO,,
21,2152-01,1606,1351,CONTINENTAL STREET,VAN,AN,Leuvin ,NO,,
21,2152-02,1706,1351,CONTINENTAL STREET,VAN,AN,Leuvin ,NO,NO,
21,2155-01,1210,5470,ORMIDALE STREET,VAN,JR,Leuvin ,,,
21,2156-01,503,1166,WEST 11TH AVENUE,VAN,JR,Leuvin ,NO,,
21,2157-01,1803,5728,BERTON AVENUE,VAN,JR,Leuvin ,YES,,
21,2159-01,906,1001,RICHARDS STREET,VAN,AN,Leuvin ,YES,NO,
21,2162-01,312,1,EAST CORDOVA STREET,VAN,AN,Leuvin ,YES,,
21,2164-01,103,5955,IONA DRIVE,VAN,JR,Leuvin ,NO,,
21,2167-01,516,1540,WEST 2ND AVENUE,VAN,JR,Leuvin ,YES,,
21,2169-01,201,5058,CAMBIE STREET,VAN,KH,Leuvin ,YES,NO,
21,2170-01,706,1030,WEST BROADWAY ,VAN,JR,Leuvin ,YES,,
21,2177-01,1805,1775,QUEBEC STREET,VAN,AN,Leuvin ,YES,,
21,2178-01,715,1618,QUEBEC STREET,VAN,KH,Leuvin ,YES,,
21,2180-01,315,1618,QUEBEC STREET,VAN,KH,Leuvin ,YES,,
21,2181-01,611,1618,QUEBEC STREET,VAN,KH,Leuvin ,YES,,
21,2183-01,206,2680,ARBUTUS STREET,VAN,KH,Leuvin ,YES,,
21,2184-01,309,110,SWITCHMEN STREET,VAN,AN,Leuvin ,NO,,
21,2187-01,1707,1618,QUEBEC STREET,VAN,KH,Leuvin ,YES,,
21,2188-01,2025,1618,QUEBEC STREET,VAN,KH,Leuvin ,YES,,
21,2189-01,202,1618,QUEBEC STREET,VAN,KH,Leuvin ,NO,`,
21,2191-01,503,2483,SPRUCE STREET,VAN,JR,Leuvin ,YES,,
21,2196-01,2105,489,INTERURBAN WAY,VAN,KH,Leuvin ,YES,,
21,2196-02,2204,488,SW MARINE DRIVE,VAN,KH,Leuvin ,YES,,
21,2196-03,207,523,WEST KING EDWARD AVENUE,VAN,KH,Leuvin ,YES,NO,
21,2196-04,1708,988,QUAYSIDE DRIVE,NWEST,KH,Leuvin ,YES,NO,
21,2196-05,607,13615,FRASER HIGHWAY,SRY,KH,Leuvin ,YES,NO,
21,2196-06,807,13615,FRASER HIGHWAY,SRY,KH,Leuvin ,YES,NO,
21,2196-07,2602,2351,BETA AVENUE,BBY,KH,Leuvin ,YES,NO,
21,2198-01,1801,489,INTERURBAN WAY,VAN,KH,Leuvin ,YES,,
21,2199-01,705,489,INTERURBAN WAY,VAN,KH,Leuvin ,YES,,
22,2202-01,1111,1283,HOWE STREET,VAN,AN,Princes,NO,NO,
22,2205-01,2605,1255,SEYMOUR STREET,VAN,AN,Princes,YES,NO,
22,2207-01,1305,928,HOMER STREET,VAN,AN,Princes,YES,,
22,2212-01,211,1216,HOMER STREET,VAN,AN,Princes,NO,,
22,2213-01,2204,928,HOMER STREET,VAN,JR,Princes,YES,,
22,2215-01,1506,1212,HOWE STREET,VAN,JR,Princes,YES,NO,
22,2216-01,1907,108,WEST CORDOVA STREET,VAN,AN,Princes,YES,,
22,2217-01,607,1060,ALBERNI STREET,VAN,AN,Princes,YES,YES,
22,2218-01,1801,1211,MELVILLE STREET,VAN,AN,Princes,NO,NO,
22,2219-01,602,221,UNION STREET,VAN,AN,Princes,YES,NO,
22,2221-01,1908,999,SEYMOUR STREET,VAN,JR,Princes,YES,,
22,2222-01,2108,999,SEYMOUR STREET,VAN,JR,Princes,YES,,
22,2224-01,1502,928,HOMER STREET,VAN,AN,Princes,NO,,
22,2225-01,503,1372,SEYMOUR STREET,VAN,AN,Princes,NO,,
22,2226-01,1804,1710,BAYSHORE DRIVE,VAN,AN,Princes,NO,,
22,2230-01,505,1238,HOMER STREET,VAN,JR,Princes,NO,,
22,2233-01,1702,1783,MANITOBA STREET,VAN,AN,Princes,YES,NO,
22,2234-01,1703,1082,SEYMOUR STREET,VAN,AN,Princes,NO,NO,
22,2235-01,HOUSE,450,MAHON AVE.,NVAN,AN,Princes,NO,NO,
22,2236-01,2012,777,RICHARDS STREET,VAN,KH,Princes,NO,NO,
22,2238-01,626,180,EAST 2ND AVENUE,VAN,AN,Princes,NO,YES,
22,2240-01,510,445,2ND AVE W.,VAN,AN,Princes,NO,NO,
22,2241-01,1905,590,NICOLA STREET,VAN,AN,Princes,YES,YES,
22,2244-01,1103,1189,MELVILLE STREET,VAN,AN,Princes,NO,,
22,2244-02,2402,1328,WEST PENDER STREET,VAN,AN,Princes,NO,,
22,2245-01,1406,1708,COLUMBIA STREET ,VAN,KH,Princes,YES,NO,
22,2255-01,,4865,WILLOW STREET,VAN,KH,Princes,NO,NO,
22,2256-01,404,651,45th Ave W,VAN,KH,Princes,YES,YES,
22,2257-01,209,125,MILROSS AVENUE,VAN,AN,Princes,NO,,
22,2260-01,601,1455,HOWE STREET,VAN,AN,Princes,YES,,
22,2261-01,201,485,West 63rd Ave,VAN,KH,Princes, YES ,YES,
22,2262-01,507,8131,Nunavut Lane,VAN,KH,Princes,NO,NO,
22,2264-01,217,1236,W8th Ave,VAN,KH,Princes,NO,NO,
22,2269-01,2602,1211,MELVILLE STREET,VAN,AN,Princes,YES,,
22,2272-01,2101,1001,HOMER STREET,VAN,AN,Princes,YES,,
22,2279-01,204,2321,SCOTIA STREET,VAN,KH,Princes,YES,,
22,2281-01,207,66,WEST CORDOVA STREET,VAN,JR,Princes,YES,,
22,2286-01,204,36,WATER STREET,VAN,KH,Princes,YES,,
22,2295-01,505,633,ABBOTT STREET,VAN,JR,Princes,NO,,
23,2302-01,2007,1480,HOWE STREET,VAN,AN,Princes,YES,NO,
23,2303-01,1206,999,SEYMOUR STREET,VAN,KH,Princes,NO,NO,
23,2304-01,1404,977,MAINLAND STREET,VAN,JR,Princes,YES,YES,
23,2304-02,705,1833,CROWE STREET,VAN,JR,Princes,YES,YES,
23,2305-01,1811,1283,HOWE STREET,VAN,JR,Princes,NO,,
23,2306-01,3201,833,SEYMOUR STREET,VAN,JR,Princes,YES,YES,
23,2309-01,2605,1189,HOWE STREET,VAN,JR,Princes,YES,,
23,2311-01,2113,938,SMITHE STREET,VAN,JR,Princes,?,,
23,2312-01,2603,888,HOMER STREET,VAN,AN,Princes,YES,NO,
23,2313-01,3405,1283,HOWE STREET,VAN,AN,Princes,NO,NO,
23,2314-01,1208,1001,HOMER STREET,VAN,JR,Princes,NO,,
23,2315-01,2408,1189,HOWE STREET,VAN,JR,Princes,YES,NO,
23,2316-01,4,1966,YORK AVENUE,VAN,KH,Princes,NO,YES,
23,2317-01,308,1028,BARCLAY STREET,VAN,KH,Princes,YES,NO,
23,2318-01,TH,3169,WEST 4TH AVENUE,VAN,JR,Princes,YES,,
23,2319-01,1704,438,SEYMOUR STREET,VAN,AN,Princes,YES,YES,
23,2321-01,2106,1028,BARCLAY STREET,VAN,AN,Princes,YES,NO,
23,2322-01,519,1330,BURRARD STREET,VAN,AN,Princes,YES,NO,
23,2323-01,203,1005,BEACH AVENUE ,VAN,AN,Princes,YES,NO,
23,2325-01,1806,1200,WEST GEORGIA STREET,VAN,JR,Princes,NO,,
23,2326-01,804,328,EAST 11TH AVENUE,VAN,AN,Princes,NO,NO,
23,2327-01,710,522,WEST 8TH AVENUE,VAN,KH,Princes,NO,NO,
23,2328-01,410,1708,ONTARIO STREET,VAN,AN,Princes,NO,YES,
23,2330-01,2508,1351,CONTINENTAL STREET,VAN,AN,Princes,NO,NO,
23,2331-01,1004,1708,ONTARIO STREET,VAN,AN,Princes,NO,NO,
23,2332-01,2501,438,SEYMOUR STREET,VAN,AN,Princes,NO,NO,
23,2333-01,607,1001,HOMER STREET,VAN,JR,Princes,NO,,
23,2334-01,46,540,W. 28TH AVE,VAN,KH,Princes,YES,NO,
23,2335-01,309,1216,HOMER STREET,VAN,JR,Princes,NO,,
23,2340-01,601,1775,QUEBEC STREET,VAN,AN,Princes,NO,NO,
23,2341-01,1705,58,KEEFER PLACE,VAN,JR,Princes,YES,NO,
23,2341-02,1706,58,KEEFER PLACE,VAN,JR,Princes,YES,,
23,2342-01,1706,1050,SMITHE STREET,VAN,AN,Princes,YES,YES,
23,2345-01,406,6328,CAMBIE STREET,VAN,KH,Princes,YES,,
23,2348-01,1609,833,HOMER STREET,VAN,AN,Princes,NO,YES,
23,2349-01,1106,1050,SMITHE STREET,VAN,JR,Princes,NO,,
23,2350-01,111,1510,NELSON STREET,VAN,AN,Princes,YES,YES,
23,2352-01,909,550,TAYLOR STREET,VAN,JR,Princes,NO,,
23,2353-01,2012,938,SMITHE STREET,VAN,JR,Princes,NO,,
23,2356-01,307,1188,HOWE STREET,VAN,JR,Princes,NO,,
23,2359-01,1208,159,2ND AVE W,VAN,KH,Princes,,,
23,2360-01,1707,7418,PAULSON ST,VAN,KH,Princes,,,
23,2365-01,2408,977,MAINLAND STREET,VAN,JR,Princes,NO,,
23,2369-01,1105,1239,WEST GEORGIA STREET,VAN,KH,Princes,YES,,
23,2370-01,1402,150,WEST 15TH ,NVAN,AN,Princes,NO,NO,
23,2372-01,310,1216,HOMER STREET,VAN,JR,Princes,YES,,
23,2373-01,802,850,BURRARD STREET,VAN,JR,Princes,NO,,
23,2376-01,1609,63,KEEFER PLACE,VAN,JR,Princes,YES,,
23,2377-01,1610,909,MAINLAND STREET,VAN,KH,Princes,YES,,
23,2379-01,1508,777,RICHARDS STREET,VAN,KH,Princes,YES,,
23,2380-01,1708,777,RICHARDS STREET,VAN,KH,Princes,YES,,
23,2381-01,1812,777,RICHARDS STREET,VAN,AN,Princes,YES,,
23,2382-01,306,850,BURRARD STREET,VAN,JR,Princes,YES,,
23,2383-01,1809,188,KEEFER STREET,VAN,AN,Princes,YES,,
23,2387-01,1906,909,MAINLAND STREET,VAN,JR,Princes,YES,,
23,2388-01,603,933,HORNBY STREET,VAN,KH,Princes,YES,NO,
23,2389-01,415,2450,GARDEN DRIVE,VAN,KH,Princes,YES,,
23,2393-01,1001,1200,ALBERNI STREET,VAN,KH,Princes,YES,,
23,2394-01,1503,438,SEYMOUR STREET,VAN,KH,Princes,,,
23,2395-01,3603,1372,SEYMOUR STREET,VAN,KH,Princes,YES,,
24,2401-01,HOUSE,11807,ALDERWOOD CRESCENT,DEL,KH,Vanessa,NO,,
24,2402-01,203,10603,140TH STREET,SRY,JR,Vanessa,YES,NO,
24,2404-01,1003,13618,100TH AVENUE,SRY,JR,Vanessa,NO,,
24,2408-01,208,10603,140TH STREET,SRY,JR,Vanessa,YES,NO,
24,2409-01,525,10838,WHALLEY AVE,SRY,KH,Vanessa,NO,NO,
24,2410-01,1002,13615,FRASER HIGHWAY,SRY,KH,Vanessa,YES,NO,
24,2411-01,1804,13399,104TH AVENUE,SRY,JR,Vanessa,YES,,
24,2412-01,2008,13618,100TH AVENUE ,SRY,JR,Vanessa,YES,NO,
24,2414-01,1510,13615,FRASER HIGHWAY,SRY,JR,Vanessa,YES,NO,
24,2415-01,320,13733,107A AVENUE,SRY,JR,Vanessa,NO,,
24,2418-01,2406,13615,FRASER HIGHWAY,SRY,JR,Vanessa,YES,NO,
24,2419-01,3302,13438,CENTRAL AVENUE,SRY,JR,Vanessa,YES,NO,
24,2422-01,214,14438,72TH AVE,SRY,JR,Vanessa,YES,NO,
24,2423-01,2005,13685,102A AVENUE,SRY,JR,Vanessa,YES,NO,
24,2426-01,708,13359,OLD YALE ROAD,SRY,JR,Vanessa,YES,NO,
24,2427-01,1709,13618,100TH AVENUE ,SRY,JR,Vanessa,NO,,
24,2428-01,303,13618,100TH AVENUE,SRY,JR,Vanessa,NO,NO,
24,2429-01,3204,680,QUAYSIDE DRIVE,NWEST,JR,Vanessa,YES,NO,
24,2430-01,1806,13387,OLD YALE ROAD,SRY,JR,Vanessa,YES,NO,
24,2431-01,2101,13618,100TH AVENUE ,SRY,JR,Vanessa,NO,,
24,2434-01,212,2970,KING GEORGE HIGHWAY,SRY,JR,Vanessa,NO,,
24,2449-01,103,13555,GATEWAY DRIVE,SRY,JR,Vanessa,NO,,
24,2451-01,304,13618,100TH AVENUE ,SRY,JR,Vanessa,NO,,
24,2458-01,909,13618,100TH AVENUE,SRY,JR,Vanessa,NO,,
24,2459-01,1604,13618,100TH AVENUE,SRY,JR,Vanessa,NO,,
24,2468-01,15,13393,BARKER STREET,SRY,JR,Vanessa,YES,,
24,2470-01,317,10866,CITY PARKWAY,SRY,JR,Vanessa,YES,,
24,2483-01,2402,13618,100TH AVENUE,SRY,JR,Vanessa,YES,,
24,2489-01,13,13393,BARKER STREET,SRY,JR,Vanessa,NO,,
24,2495-01,2201,13618,100TH AVENUE,SRY,JR,Vanessa,NO/will sign later,,
25,2501-01,503,1680,BAYSHORE DRIVE,VAN,AN,Princes,YES,NO,
25,2510-01,1101,1333,WEST GEORGIA STREET,VAN,AN,Princes,NO,NO,
25,2510-02,608,2055,YUKON STREET,VAN,AN,Princes,NO,,
25,2511-01,601,1082,SEYMOUR STREET,VAN,AN,Princes,YES,,
25,2512-01,3402,1189,MELVILLE STREET,VAN,AN,Princes,YES,YES,
25,2517-01,318,288,WEST 1ST AVENUE,VAN,KH,Princes,NO,NO,
25,2517-02,419,256,EAST 2ND AVENUE,VAN,KH,Princes,NO,NO,
25,2518-01,1606,1082,SEYMOUR STREET,VAN,AN,Princes,YES,,
25,2518-02,1802,1082,SEYMOUR STREET,VAN,AN,Princes,YES,,
25,2519-01,1108,1082,SEYMOUR STREET,VAN,AN,Princes,NO,YES,
25,2520-01,1803,1082,SEYMOUR STREET,VAN,AN,Princes,YES,,
25,2521-01,1001,1618,QUEBEC STREET,VAN,KH,Princes,YES,YES,
25,2521-02,901,2507,MAPLE STREET,VAN,KH,Princes,YES,YES,
25,2522-01,1202,888,HOMER STREET,VAN,AN,Princes,YES,NO,
25,2523-01,1801,1082,SEYMOUR STREET,VAN,AN,Princes,YES,,
25,2525-01,512,1333,WEST GEORGIA STREET,VAN,AN,Princes,NO,NO,
25,2527-01,604,1228,HOMER STREET,VAN,JR,Princes,YES,NO,
25,2529-01,610,1082,SEYMOUR STREET,VAN,AN,Princes,YES,,
25,2530-01,1202,138,WEST 1ST AVENUE,VAN,KH,Princes,YES,NO,
25,2531-01,N104,5005,ASH STREET,VAN,KH,Princes,YES,NO,
25,2532-01,312,1205,HOWE STREET,VAN,AN,Princes,NO,NO,
25,2536-01,2807,833,HOMER STREET,VAN,AN,Princes,NO,NO,
25,2537-01,503,118,CARRIE CATES COURT,VAN,AN,Princes,NO,NO,
25,2538-01,1505,1082,SEYMOUR STREET,VAN,AN,Princes,YES,NO,
25,2539-01,TH,1786,WEST 6TH AVENUE,VAN,AN,Princes,YES,NO,
25,2542-01,311,2471,ST. GEORGE STREET,VAN,AN,Princes,YES,NO,
25,2546-01,612,1082,SEYMOUR STREET,VAN,AN,Princes,YES,,
25,2548-01,1710,1082,SEYMOUR STREET,VAN,AN,Princes,YES,,
25,2550-01,515,1082,SEYMOUR STREET,VAN,AN,Princes,NO,,
25,2552-01,1009,1082,SEYMOUR STREET,VAN,AN,Princes,YES,,
25,2553-01,1608,1082,SEYMOUR STREET,VAN,AN,Princes,YES,,
25,2554-01,1010,1082,SEYMOUR STREET,VAN,AN,Princes,NO,,
25,2556-01,2102,1616,BAYSHORE DRIVE,VAN,JR,Princes,NO,,
25,2558-01,910,1212,HOWE STREET,VAN,AN,Princes,NO,,
25,2559-01,1905,128,WEST CORDOVA STREET,VAN,JR,Princes,YES,,
25,2562-01,1502,1308,HORNBY STREET,VAN,KH,Princes,NO,,
25,2563-01,1904,1288,ALBERNI STREET,VAN,AN,Princes,NO,,
25,2565-01,PH2,1383,HOWE STREET,VAN,AN,Princes,YES,,
25,2567-01,PH3/PH4,1383,HOWE ST,VAN,KH,Princes,NO,YES,
25,2568-01,1704,838,WEST HASTING STREET,VAN,KH,Princes,NO,NO,
26,2601-01,803,1788,GILMORE AVENUE,BBY,AA,Leuvin ,YES,NO,
26,2601-02,1201,1788,GILMORE AVENUE,BBY,AA,Leuvin ,YES,NO,
26,2602-01,504,9262,UNIVERSITY CRESCENT,BBY,AA,Leuvin ,YES,,
26,2606-01,1708,4118,DAWSON STREET,BBY,AA,Leuvin ,YES,,
26,2609-01,20,355,DUTHIE AVENUE,BBY,AA,Leuvin ,NO,,
26,2610-01,117,7388,MACPHERSON AVENUE,BBY,AA,Leuvin ,NO,,
26,2611-01,,5870,KITCHENER STREET,BBY,AA,Leuvin ,NO,,
26,2614-01,103,7227,ROYAL AVENUE,BBY,AA,Leuvin ,YES,NO,
26,2616-01,2205,6088,WILLINGDON AVENUE,BBY,AA,Leuvin ,NO,,
26,2623-01,2901,892,CARNARVON STREET,NWEST,JR,Leuvin ,YES,NO,
26,2625-01,1307,1788,GILMORE AVENUE,BBY,AA,Leuvin ,YES,NO,
26,2630-01,801,6168,WILSON AVENUE,BBY,AA,Leuvin ,YES,,
26,2633-01,807,1788,GILMORE AVENUE,BBY,AA,Leuvin ,NO,NO,
26,2634-01,1206,258,NELSON COURT,NWEST,JR,Leuvin ,YES,NO,
26,2637-01,2003,1788,GILMORE AVENUE,BBY,AA,Leuvin ,YES,NO,
26,2641-01,1007,4808,HAZEL STREET,BBY,AA,Leuvin ,YES,,
26,2646-01,1810,908,QUAYSIDE DRIVE,NWEST,JR,Leuvin ,YES,NO,
26,2649-01,2002,4485,SKYLINE DRIVE,NWEST,KH,Leuvin ,NO,NO,
26,2653-01,811,2388,MADISON AVENUE,BBY,KH,Leuvin ,YES,NO,
26,2657-01,906,7328,AANDLA STREET,BBY,AA,Leuvin ,NO,,
26,2658-01,607,9060,UNIVERSITY CRESCENT,BBY,AA,Leuvin ,,,
26,2659-01,203,7727,ROYAL OAK AVENUE,BBY,AA,Leuvin ,YES,NO,
26,2661-01,1108,1,RENAISSANCE SQUARE,NWEST,JR,Leuvin ,YES,,
26,2662-01,2206,4485,SKYLINE DRIVE,BBY,AA,Leuvin ,YES,,
26,2664-01,1506,1,RENAISSANCE SQUARE,NWEST,JR,Leuvin ,NO,,
26,2669-01,706,2008,ROSSER AVENUE,BBY,AA,Leuvin ,YES,,
26,2677-01,302,6700,DUNBLANE AVENUE,BBY,AA,Leuvin ,YES,NO,
26,2685-01,1007,9888,CAMERON STREET,BBY,AA,Leuvin ,YES,,
26,2691-01,306,1210,QUAYSIDE DRIVE,NWEST,JR,Leuvin ,YES,,
26,2695-01,2608,6688,AANDLA STREET,BBY,AA,Leuvin ,YES,,
26,2699-01,3510,892,CARNARVON STREET,NWEST,JR,Leuvin ,YES,,
27,2703-01,2508,520,COMO LAKE AVENUE,COQ,AA,Stanley,NO,,
27,2704-01,2609,520,COMO LAKE AVENUE,COQ,AA,Stanley,YES,,
27,2706-01,102,607,COTTONWOOD AVENUE,COQ,AA,Stanley,NO,,
27,2707-01,1,9288,UNIVERSITY CRESCENT,BBY,AA,Stanley,YES,,
27,2708-01,1,907,NHARKE ROAD,PMDY,AA,Stanley,NO,NO,
27,2710-01,2506,3007,GLEN DRIVE ,COQ,AA,Stanley,NO,,
27,2711-01,402,9288,UNIVERSITY CRESCENT,BBY,AA,Stanley,NO,,
27,2716-01,211,9288,UNIVERSITY CRESCENT,BBY,AA,Stanley,YES,,
27,2719-01,18,2150,SALISBURY AVENUE,POCO,AA,Stanley,YES,,
27,2720-01,208,1135,WINDSOR MEWS,COQ,AA,Stanley,YES,,
27,2721-01,214,828,GAUTHIER AVENUE,COQ,AA,Stanley,YES,,
27,2728-01,3604,2085,SKYLINE COURT,BBY,AA,Stanley,YES,NO,
27,2732-01,311,9262,UNIVERSITY CRESCENT,BBY,AA,Stanley,YES,,
27,2736-01,806,6638,DUNBLANE AVENUE,BBY,AA,Stanley,YES,NO,
27,2740-01,HOUSE,1126,ROCHESTER AVENUE,COQ,AA,Stanley,NO,,
27,2742-01,3602,6383,MCKAY AVENUE,BBY,AA,Stanley,YES,YES,
27,2744-01,103,9232,UNIVERSITY CRESCENT,BBY,AA,Stanley,YES,,
27,2744-03,507,9025,HIGHLAND COURT,BBY,AA,Stanley,YES,,
27,2744-04,808,9025,HIGHLAND COURT,BBY,AA,Stanley,YES,,
27,2744-05,201,9877,UNIVERSITY CRESCENT,BBY,AA,Stanley,YES,,
27,2745-01,1901,520,COMO LAKE AVENUE,COQ,AA,Stanley,YES,,
27,2748-01,204,9288,UNIVERSITY CRESCENT,BBY,AA,Stanley,YES,,
27,2749-01,202,9262,UNIVERSITY CRESCENT,BBY,AA,Stanley,NO,,
27,2750-01,7,9080,UNIVERSITY CRESCENT,BBY,AA,Stanley,YES,,
27,2751-01,106,9232,UNIVERSITY CRESCENT,BBY,AA,Stanley,NO,,
27,2752-01,3003,2085,SKYLINE COURT,BBY,AA,Stanley,YES,NO,
27,2752-02,1805,2085,SKYLINE COURT,BBY,AA,Stanley,YES,NO,
27,2754-01,4505,4510,HALIFAX WAY,BBY,KH,Stanley,YES,YES,
27,2763-01,2001,3093,WINDSOR GATE,COQ,AA,Stanley,YES,,
27,2765-01,618,9393,TOWER ROAD,BBY,AA,Stanley,YES,,
27,2766-01,322,9393,TOWER ROAD,BBY,AA,Stanley,YES,,
27,2768-01,2209,570,EMERSON STREET,COQ,AA,Stanley,YES,,
27,2769-01,1404,570,EMERSON STREET,COQ,AA,Stanley,YES,,
27,2771-01,1608,520,COMO LAKE AVENUE,COQ,AA,Stanley,YES,,
27,2773-01,1607,530,WHITING WAY,COQ,AA,Stanley,YES,,
27,2775-01,1508,530,WHITING WAY,COQ,AA,Stanley,YES,,
27,2778-01,903,530,WHITING WAY,COQ,AA,Stanley,YES,,
27,2780-01,2002,530,WHITING WAY,COQ,AA,Stanley,NO,,
27,2781-01,2603,530,WHITING WAY,COQ,AA,Stanley,YES,,
27,2782-01,508,530,WHITING WAY,COQ,AA,Stanley,YES,,
27,2783-01,601,530,WHITING WAY,COQ,AA,Stanley,YES,,
27,2784-01,309,717,BRESLAY STREET,COQ,AA,Stanley,YES,,
27,2785-01,301,518,WHITING WAY,COQ,AA,Stanley,YES,,
27,2786-01,2702,530,WHITING WAY,COQ,AA,Stanley,YES,,
27,2787-01,TH,2955,ARGO PLACE,BBY,AA,Stanley,NO,,
27,2788-01,2005,530,WHITING WAY,COQ,AA,Stanley,YES,,
27,2789-01,2006,530,WHITING WAY,COQ,AA,Stanley,YES,,
27,2791-01,905,691,NORTH ROAD,COQ,AA,Stanley,YES,NO,
27,2792-01,2302,4189,HALIFAX STREET,BBY,AA,Stanley,NO,NO,
27,2793-01,1804,691,NORTH ROAD ,COQ,AA,Stanley,YES,NO,
27,2796-01,1602,2085,SKYLINE COURT,BBY,AA,Stanley,YES,NO,
27,2798-01,1510,657,WHITING WAY,COQ,AA,Stanley,YES,YES,
27,2799-01,2603,657,WHITING WAY,COQ,AA,Stanley,YES,NO,
28,2801-01,35,34332,MANHURE ROAD,ABB,CG,Vanessa,YES,,
28,2807-02,,29220,HAVERMAN ROAD,ABB,CG,Vanessa,NO,,
28,2808-01,515,2493,MONTROSE AVE,ABB,CG,Vanessa,YES,NO,
28,2810-01,309,2485,MONTROSE AVE,ABB,CG,Vanessa,NO,NO,
28,2811-01,520,2493,MONTROSE AVE,ABB,CG,Vanessa,YES,NO,
28,2814-01,401,2350,WESTERLY STREET,ABB,CG,Vanessa,NO,NO,
28,2816-01,A601,20838,78B AVENUE,LGY,BW,Vanessa,NO,NO,
28,2817-01,A606,20838,78B AVENUE,LGY,BW,Vanessa,NO,NO,
28,2821-01,A318,2027,WILLOUGHBY TOWN CENTRE DRIVE,LGY,BW,Vanessa,YES,NO,
28,2823-01,HOUSE,33719,BEECHWOOD DRIVE,ABB,CG,Vanessa,NO,NO,
28,2824-01,A403,20838,78B AVENUE,LGY,BW,Vanessa,YES,NO,
28,2827-01,508,5486,199A STREET,LGY,BW,Vanessa,YES,NO,
28,2828-01,328,20360,LOGAN AVE,LGY,BW,Vanessa,YES,NO,
28,2829-01,515,5486,199 A ST,LGY,BW,Vanessa,YES,NO,
28,2830-01,311,20695,EASTLEIGH CRESSENT ,LGY,BW,Vanessa,YES,NO,
28,2832-01,221,5486,199A STREET,LGY,BW,Vanessa,YES,NO,
28,2834-01,505,5504,BRYDON CRESCENT,LGY,BW,Vanessa,YES,NO,
28,2854-01,109,36060,OLD YALE ROAD,ABB,CG,Vanessa,YES,,
28,2862-01,17,35626,MCKEE ROAD,ABB,CG,Vanessa,YES,,
28,2862-02,18,35626,MCKEE ROAD,ABB,CG,Vanessa,YES,,
28,2866-01,107,32063,MOUNT WADDINGTON,ABB,CG,Vanessa,NO,,
28,2871-01,112,36060,OLD YALE ROAD,ABB,CG,Vanessa,NO,,
28,2879-01,103,32075,GEORGE FERGUSON WAY,ABB,CG,Vanessa,YES,,
28,2880-01,1,36060,OLD YALE ROAD,ABB,CG,Vanessa,YES,,
28,2883-01,110,32063,MOUNT WADDINGTON,ABB,CG,Vanessa,NO,,
28,2884-01,,1716,MT LEHMAN ROAD,ABB,CG,Vanessa,NO,,
28,2886-01,HOUSE,4322,AUGUSTON PARKWAY NORTH,ABB,CG,Vanessa,N/A,,
28,2886-02,Coach House,4322C,AUGUSTON PARKWAY NORTH,ABB,CG,Vanessa,N/A,,
28,2888-01,405,2350,WESTERLY STREET,ABB,CG,Vanessa,NO,,
28,2892-01,201,2943,NELSON PLACE,ABB,CG,Vanessa,NO,,
28,2894-01,308,20087,68 AVENUE ,LGY,BW,Vanessa,NO,NO,
28,2895-01,307,20686,EASTLEIGH CRESSENT ,LGY,CG,Vanessa,YES,NO,
29,2910-01,411,4078,KNIGHT STREET,VAN,AA,Leuvin,YES,,
29,2911-01,509,6311,CAMBIE STREET,VAN,KH,Leuvin,YES,,
29,2912-01,707,2851,HEATHER STREET,VAN,JR,Leuvin,YES,,
29,2916-01,307,1082,SEYMOUR STREET,VAN,AN,Leuvin,YES,,
29,2918-01,305,523,WEST KING EDWARD AVENUE,VAN,KH,Leuvin,YES,,
29,2920-01,1607,8189,CAMBIE STREET,VAN,JR,Leuvin,YES,NO,
29,2921-01,702,238,WEST BROADWAY,VAN,JR,Leuvin,YES,,
29,2924-01,HOUSE,6341,FLEMING STREET,VAN,JR,Leuvin,NO,YES,
29,2926-01,404,4171,CAMBIE STREET,VAN,KH,Leuvin,YES,YES,
29,2927-01,1202,2770,SOPHIA STREET,VAN,JR,Leuvin,NO,,
29,2933-01,309,8588,CORNISH STREET,VAN,KH,Leuvin,YES,NO,
29,2937-01,410,2770,SOPHIA STREET,VAN,KH,Leuvin,NO,,
29,2939-01,708,298,EAST 11TH AVENUE,VAN,AN,Leuvin,YES,,
29,2942-01,709,298,EAST 11TH AVENUE,VAN,AN,Leuvin,NO,,
29,2943-01,208,3839,WEST 4TH AVENUE,VAN,KH,Leuvin,NO,,
29,2944-01,507,1788,COLUMBIA STREET,VAN,KH,Leuvin,YES,NO,
29,2945-01,4,1777,WEST 7TH AVENUE,VAN,KH,Leuvin,YES,,
29,2947-01,,4635,GOTHARD STREET,VAN,AA,Leuvin,NO,,
29,2949-01,201 (&202),1990,DUNBAR STREET,VAN,KH,Leuvin,NO,,
29,2951-01,605,1468,WEST 14TH AVENUE,VAN,KH,Leuvin,NO,,
29,2954-01,1102,328,EAST 11TH AVENUE,VAN,JR,Leuvin,NO,,
29,2959-01,205,508,WEST 29TH AVENUE,VAN,KH,Leuvin,YES,NO,
29,2966-01,5,1966,YORK AVENUE,VAN,KH,Leuvin,YES,,
29,2967-01,1805,5515,BOUNDARY ROAD,VAN,AA,Leuvin,YES,NO,
29,2970-01,1807,565,SMITHE STREET,VAN,AN,Leuvin,NO,,
29,2981-01,101,755,WEST 15TH AVENUE,VAN,KH,Leuvin,YES,,
29,2986-01,405,2665,WEST BROADWAY ,VAN,JR,Leuvin,YES,,
29,2995-01,HOUSE,4619,GOTHARD STREET,VAN,AA,Leuvin,NA,,
29,2998-02,103,555,WEST 14TH AVENUE,VAN,JR,Leuvin,NO,,
29,2998-03,316,555,WEST 14TH AVENUE,VAN,JR,Leuvin,NO,,
29,2999-01,407,4883,MANHURE MEWS,VAN,AN,Leuvin,NO,,
30,3005-01,202,1625,HORNBY STREET,VAN,AN,Stanley,NO,NO,
30,3014-01,103,125,MILROSS AVENUE,VAN,AN,Stanley,YES,NO,
30,3015-01,3203,1189,MELVILLE STREET,VAN,AN,Stanley,YES,,
30,3019-01,2306,939,HOMER STREET,VAN,AN,Stanley,YES,,
30,3021-01,2002,1420,WEST GEORGIA STREET,VAN,AN,Stanley,YES,,
30,3022-01,2008,1295,RICHARDS STREET,VAN,AN,Stanley,YES,,
30,3023-01,1203,1625,HORNBY STREET,VAN,AN,Stanley,NO,,
30,3028-01,1708,1288,WEST GEORGIA STREET,VAN,AN,Stanley,YES,,
30,3029-01,802,1625,HORNBY STREET,VAN,AN,Stanley,NO,,
30,3031-01,2405,1200,WEST GEORGIA STREET,VAN,JR,Stanley,YES,,
30,3035-01,1206,388,DRAKE STREET,VAN,AN,Stanley,YES,,
30,3039-01,1607,1200,WEST GEORGIA STREET,VAN,AN,Stanley,YES,,
30,3041-01,1404,1088,RICHARDS STREET,VAN,JR,Stanley,NO,,
30,3049-01,504,1216,HOMER STREET,VAN,JR,Stanley,NO,,
30,3056-01,1607,535,SMITHE STREET,VAN,JR,Stanley,YES,,
30,3059-01,1206,1055,HOMER STREET,VAN,AN,Stanley,YES,,
30,3061-01,1406,438,SEYMOUR STREET,VAN,JR,Stanley,NO,,
30,3063-01,206,1331,ALBERNI STREET,VAN,AN,Stanley,YES,,
30,3068-01,601,950,DRAKE STREET,VAN,JR,Stanley,NO,,
30,3070-01,506,1055,HOMER STREET,VAN,AN,Stanley,NO,,
30,3072-01,2003,888,HOMER STREET,VAN,AN,Stanley,YES,,
30,3074-01,1207,438,SEYMOUR STREET,VAN,JR,Stanley,NO,,
30,3075-01,1206,1200,WEST GEORGIA STREET,VAN,AN,Stanley,YES,,
30,3086-01,608,1055,RICHARDS STREET,VAN,AN,Stanley,YES,,
30,3091-01,1109,1068,HORNBY STREET,VAN,AN,Stanley,YES,,
30,3093-01,3203,833,SEYMOUR STREET,VAN,JR,Stanley,NO,YES,
30,3094-01,1904,1211,MELVILLE STREET,VAN,AN,Stanley,YES,,
30,3097-01,2401,120,MILROSS AVENUE,VAN,JR,Stanley,YES,,
30,3098-01,3301,909,MAINLAND STREET,VAN,AN,Stanley,YES,YES,
30,3099-01,1004,888,HAMILTON STREET,VAN,AN,Stanley,YES,,
31,3104-01,1005,833,HOMER STREET,VAN,AN,Princes,YES,,
31,3105-01,701,221,UNION STREET,VAN,AN,Princes,NO,YES,
31,3106-01,1505,833,HOMER STREET,VAN,AN,Princes,YES,,
31,3106-02,2105,833,HOMER STREET,VAN,AN,Princes,YES,,
31,3107-01,1007,1188,RICHARDS STREET,VAN,AN,Princes,YES,NO,
31,3109-01,2109,833,HOMER STREET,VAN,AN,Princes,NO,,
31,3113-01,1903,833,HOMER STREET,VAN,AN,Princes,YES,,
31,3117-01,2707,833,HOMER STREET,VAN,AN,Princes,NO,,
31,3131-01,1702,833,HOMER STREET,VAN,AN,Princes,NO,,
31,3133-01,2102,833,HOMER STREET,VAN,AN,Princes,NO,,
31,3134-01,612,833,HOMER STREET,VAN,AN,Princes,NO,,
31,3135-01,1902,833,HOMER STREET,VAN,AN,Princes,NO,,
31,3136-01,705,833,HOMER STREET,VAN,AN,Princes,YES,,
31,3137-01,2205,999,SEYMOUR STREET,VAN,KH,Princes,YES,NO,
31,3138-01,1201,833,HOMER STREET,VAN,AN,Princes,YES,,
31,3139-01,1007,833,HOMER STREET,VAN,AN,Princes,NO,,
31,3150-01,604,3198,RIVERWALK AVENUE,VAN,KH,Princes,YES,NO,
31,3154-01,2505,833,HOMER STREET,VAN,AN,Princes,NO,,
31,3158-01,208,5007,ASH STREET,VAN,KH,Princes,YES,YES,
31,3162-01,,6305,OAK STREET,VAN,KH,Princes,YES,YES,
31,3166-01,1202,833,HOMER STREET,VAN,AN,Princes,YES,,
31,3169-01,607,1199,SEYMOUR STREET,VAN,JR,Princes,YES,,
31,3171-01,1906,1288,ALBERNI STREET,VAN,AN,Princes,YES,NO,
31,3172-01,603,819,HAMLTON STREET,VAN,AN,Princes,YES,,
31,3173-01,203,1189,HOWE STREET,VAN,JR,Princes,YES,,
31,3174-01,306,221,UNION ST.,VAN,JR,Princes,YES,,
31,3176-01,1607,1055,RICHARDS STREET,VAN,AN,Princes,YES,,
31,3180-01,2604,1238,RICHARDS STREET,VAN,JR,Princes,YES,,
31,3182-01,601,999,SEYMOUR STREET,VAN,AN,Princes,YES,,
31,3183-01,2302,1372,SEYMOUR STREET,VAN,AN,Princes,YES,,
31,3192-01,1703,1133,HORNBY STREET,VAN,AN,Princes,YES,,
31,3194-01,301,1133,HORNBY STREET,VAN,KH,Princes,YES,,
31,3195-01,2005,1188,RICHARDS STREET,VAN,KH,Princes,NO,,
31,3196-01,1406,1055,HOMER STREET,VAN,KH,Princes,YES,,
31,3198-01,706,1088,RICHARDS STREET,VAN,AN,Princes,NO,,
32,3206-01,1603,271,FRANCIS WAY,NWEST,JR,Stanley,YES,,
32,3207-01,HOUSE,7,FELL N.,BBY,AA,Stanley,N/A,,
32,3208-01,901,2008,ROSSER AVENUE,BBY,AA,Stanley,YES,,
32,3211-01,2206,2008,ROSSER AVENUE,BBY,AA,Stanley,YES,,
32,3212-01,412,340,GINGER DRIVE,NWEST,JR,Stanley,YES,,
32,3213-01,HOUSE,5267,CARSON STREET,BBY,AA,Stanley,N/A,,
32,3217-01,301,9126,CAPELLA DRIVE,BBY,AA,Stanley,YES,,
32,3220-01,HOUSE,824,SURREY STREET,NWEST,JR,Stanley,N/A,,
32,3222-01,701,6220,MCKAY AVENUE,BBY,AA,Stanley,YES,,
32,3225-01,503,7171,BERESFORD STREET,BBY,AA,Stanley,NO,,
32,3226-01,5,5108,NHAUDE AVENUE,BBY,AA,Stanley,YES,,
32,3227-01,310,7,RIALTO COURT,NWEST,JR,Stanley,NO,,
32,3228-01,706,7171,BERESFORD STREET,BBY,AA,Stanley,NO,,
32,3229-01,1108,271,FRANCIS WAY,NWEST,JR,Stanley,YES,,
32,3230-01,203,7000,21st Avenue,BBY,AA,Stanley,NO,,
32,3232-01,21,7388,MACPHERSON AVENUE,BBY,AA,Stanley,YES,,
32,3234-01,807,2200,DOUGLAS ROAD,BBY,AA,Stanley,NO,,
32,3236-01,TH,3027,ARIES PLACE,BBY,AA,Stanley,YES,,
32,3237-01,2302,2355,MADISON AVE,BBY,AA,Stanley,YES,,
32,3239-01,303,4468,DAWSON ST,BBY,AA,Stanley,YES,,
32,3240-01,412,4468,DAWSON ST,BBY,AA,Stanley,YES,,
32,3241-01,413,4468,DAWSON ST,BBY,AA,Stanley,YES,,
32,3244-01,1,5160,CANADA WAY,BBY,AA,Stanley,YES,,
32,3245-01,206,4768,BRENTWOOD DRIVE,BBY,AA,Stanley,YES,,
32,3246-01,3007,4880,BENNETT ROAD,BBY,AA,Stanley,YES,,
32,3247-01,511,4468,DAWSON ST,BBY,AA,Stanley,YES,,
32,3250-01,1008,2008,ROSSER AVENUE,BBY,AA,Stanley,NO,,
32,3251-02,1912,908,QUAYSIDE DRIVE,NWEST,JR,Stanley,YES,,
32,3254-01,3001,4400,BUCHANON STREET,BBY,AA,Stanley,NO,,
32,3255-01,408,9150,UNIVERSITY HIGH STREET,BBY,AA,Stanley,NO,,
32,3259-01,3106,4900,LENNOX LANE,BBY,AA,Stanley,NO,,
32,3262-01,3606,4485,SKYLINE DRIVE,BBY,AA,Stanley,NO,,
32,3265-01,2401,4485,SKYLINE DRIVE,BBY,AA,Stanley,YES,,
32,3270-02,2105,4485,SKYLINE DRIVE,BBY,AA,Stanley,YES,,
32,3271-01,3304,4900,LENNOX LANE,BBY,AA,Stanley,YES,,
32,3273-01,1005,15,EAST ROYAL AVENUE,NWEST,JR,Stanley,NO,NO,
32,3276-01,808,6538,NELSON STREET,BBY,AA,Stanley,YES,,
32,3278-01,3805,4485,SKYLINE DRIVE,BBY,AA,Stanley,YES,,
32,3279-01,4106,4900,LENNOX LANE,BBY,AA,Stanley,NO,,
32,3280-01,503,4333,CENTRAL BLVD,BBY,AA,Stanley,NO,,
32,3281-01,1301,2138,MADISON AVE,BBY,AA,Stanley,NO,,
32,3282-01,1604,2008,ROSSER AVENUE,BBY,AA,Stanley,NO,,
32,3284-01,3001,2077,ROSSER AVENUE,BBY,AA,Stanley,YES,,
32,3285-01,34,838,ROYAL AVENUE,NWEST,JR,Stanley,YES,,
32,3286-01,1608,2008,ROSSER AVENUE,BBY,AA,Stanley,NO,,
32,3287-01,210,3888,NORFOLK STREET,BBY,AA,Stanley,NO,,
32,3289-01,114,262,SALTER ST.,NWEST,JR,Stanley,NO,,
32,3290-01,2511,6098,STATION STREET,BBY,AA,Stanley,YES,,
32,3292-01,501,9867,MANCHESTER DRIVE,BBY,AA,Stanley,YES,,
32,3293-01,4104,4900,LENNOX LANE,BBY,AA,Stanley,NO,,
32,3294-01,2109,2378,ALPHA AVE,BBY,KH,Stanley,YES,,
32,3297-01,1006,2378,ALPHA AVE,BBY,AA,Stanley,YES,,
32,3298-01,4303,4670,ASSEMWHY WAY,BBY,AA,Stanley,YES,,
33,3304-01,HOUSE,15482,91AVENUE,SRY,JR,Princes,N/A,,
33,3305-01,508,13655,FRASER HIGHWAY,SRY,JR,Princes,NO,NO,
33,3306-01,311,10533,UNIVERSITY DRIVE,SRY,JR,Princes,YES,,
33,3307-01,2005,13398,104 AVENUE,SRY,JR,Princes,YES,,
33,3309-01,16,13393,BARKER STREET,SRY,JR,Princes,YES,,
33,3311-01,113,13931,FRASER HIGHWAY,SRY,JR,Princes,YES,,
33,3312-01,1212,13398,104TH AVENUE,SRY,JR,Princes,NO,,
33,3313-01,2509,13618,100th AVENUE,SRY,JR,Princes,YES,,
33,3314-01,1910,10777,UNIVERSITY DRIVE,SRY,JR,Princes,NO,,
33,3317-01,417,10788,139 ST.,SRY,JR,Princes,YES,,
33,3322-01,2606,13618,100TH AVENUE,SRY,JR,Princes,NO,,
33,3323-01,2408,13685,102TH AVENUE,SRY,JR,Princes,YES,NO,
33,3326-01,507,13728,108TH AVE,SRY,JR,Princes,YES,,
33,3329-01,2708,13618,100TH AVE,SRY,JR,Princes,YES,,
33,3331-01,318,13339,102A AVENUE,SRY,JR,Princes,YES,,
33,3332-01,202,13303,CENTRAL AVENUE,SRY,JR,Princes,YES,,
33,3336-01,1706,13495,CENTRAL AVENUE,SRY,JR,Princes,YES,,
33,3337-01,406,10688,140TH STREET,SRY,JR,Princes,YES,,
33,3338-01,308,10688,140TH STREET,SRY,JR,Princes,YES,,
33,3339-01,318,10688,140TH STREET,SRY,JR,Princes,YES,,
33,3342-01,HOUSE,16162,SPRINGSIDE COURT,SRY,JR,Princes,NO,,
33,3343-01,1204,13380,108 AVENUE ,SRY,KH,Princes,YES,,
33,3344-01,202,13685,102TH AVENUE,SRY,JR,Princes,YES,NO,
33,3346-01,HOUSE,15383,85 AVENUE,SRY,JR,Princes,NO,,
33,3349-01,602,13308,CENTRAL AVENUE,SRY,JR,Princes,YES,NO,
33,3350-01,801,13308,CENTRAL AVENUE,SRY,JR,Princes,YES,NO,
33,3351-01,1503,13308,CENTRAL AVENUE,SRY,JR,Princes,YES,NO,
33,3353-01,111,13308,CENTRAL AVENUE,SRY,JR,Princes,YES,NO,
33,3354-01,501,13963,105A STREET,SRY,JR,Princes,YES,NO,
33,3355-01,2105,13618,100 AVENUE,SRY,JR,Princes,YES,NO,
33,3357-01,512,13685,102TH AVENUE,SRY,JR,Princes,YES,NO,
33,3358-01,2002,13685,102TH AVENUE,SRY,JR,Princes,YES,NO,
33,3359-01,2802,13685,102TH AVENUE,SRY,JR,Princes,YES,NO,
33,3361-01,312,13685,102TH AVENUE,SRY,JR,Princes,YES,NO,
33,3362-01,2001,13359,OLD YALE ROAD,SRY,JR,Princes,YES,NO,
33,3363-01,1405,13428,105 AVENUE,SRY,JR,Princes,YES,NO,
33,3365-01,205,15388,101 AVENUE,SRY,JR,Princes,NO,NO,
33,3366-01,1805,6588,NELSON STREET,BBY,AN,Princes,NO,NO,
33,3367-01,1101,1588,JOHNSTON RD.,WROCK,BW,Princes,YES,NO,
33,3368-01,209,215,MOWAT STREET,NWEST,JR,Princes,NO,NO,
33,3369-01,1413,13438,CENTRAL AVENUE,SRY,JR,Princes,NO,NO,
33,3370-01,1305,680,QUAYSIDE DRIVE,NWEST,JR,Princes,NO,NO,
33,3371-01,1603,680,QUAYSIDE DRIVE,NWEST,JR,Princes,YES,NO,
33,3372-01,3904,680,QUAYSIDE DRIVE,NWEST,JR,Princes,NO,NO,
33,3373-01,2204,680,QUAYSIDE DRIVE,NWEST,JR,Princes,YES,NO,
33,3374-01,1605,680,QUAYSIDE DRIVE,NWEST,JR,Princes,NO,NO,
33,3375-01,2307,680,QUAYSIDE DRIVE,NWEST,JR,Princes,NO,NO,
33,3376-01,506,1588,JOHNSTON RD.,WROCK,BW,Princes,YES,NO,
33,3377-01,1905,680,QUAYSIDE DRIVE,NWEST,JR,Princes,NO,YES,
33,3378-01,2001,680,QUAYSIDE DRIVE,NWEST,JR,Princes,YES,NO,
33,3379-01,1208,680,QUAYSIDE DRIVE,NWEST,JR,Princes,YES,NO,
33,3380-01,2904,680,QUAYSIDE DRIVE,NWEST,JR,Princes,YES,NO,
33,3381-01,1906,680,QUAYSIDE DRIVE,NWEST,JR,Princes,YES,NO,
33,3382-01,403,13439,94A AVE,SRY,JR,Princes,NO,NO,
33,3383-01,2505,10750,135A STEET,SRY,JR,Princes,YES,NO,
33,3385-01,1904,660,QUAYSIDE DRIVE,NWEST,JR,Princes,NO,NO,
33,3386-01,2106,660,QUAYSIDE DRIVE,NWEST,JR,Princes,YES,NO,
33,3387-01,3008,660,QUAYSIDE DRIVE,NWEST,JR,Princes,NO,NO,
33,3388-01,905,11,ROYAL AVENUE,NWEST,JR,Princes,NO,NO,
34,3402-01,TH,1780,WEST 6TH AVENUE,VAN,KH,Stanley,NO,NO,
34,3404-01,903,1919,WYLIE STREET ,VAN,KH,Stanley,YES,NO,
34,3406-01,406,389,WEST 59TH AVENUE,VAN,KH,Stanley,NO,NO,
34,3407-01,1901,595,AUSTIN AVENUE,COQ,AA,Stanley,YES,YES,
34,3409-01,210,5077,CAMBIE STREET,VAN,KH,Stanley,NO,NO,
34,3412-01,4,7433,16th STREET,BBY,AA,Stanley,NO,YES,
34,3415-01,2406,1888,GILMORE AVENUE,BBY,AA,Stanley,NO,NO,
34,3417-01,1305,1205,WEST HASTINGS STREET,VAN,AN,Stanley,NO,NO,
34,3418-01,112,311,EAST 6TH AVENUE,VAN,KH,Stanley,NO,NO,
34,3419-01,601,138,WEST 1ST AVENUE,VAN,KH,Stanley,YES,NO,
34,3421-01,206,1688,CYPRESS STREET,VAN,AN,Stanley,NO,NO,
34,3423-01,506,1205,HOWE STREET,VAN,AN,Stanley,YES,NO,
34,3424-01,2201,489,INTERURBAN WAY,VAN,KH,Stanley,,,
34,3425-01,402,688,FAIANHILD ROAD,VAN,KH,Stanley,NO,NO,
34,3426-01,TOWNHOUSE,6552,ARBUTUS STREET,VAN,KH,Stanley,YES,YES,
34,3427-01,305,2211,CAMBIE STREET,VAN,KH,Stanley,YES,NO,
34,3430-01,1203,5515,BOUNDARY ROAD,VAN,JR,Stanley,NO,NO,
34,3432-01,104,4988,CAMBIE STREET,VAN,KH,Stanley,NO,NO,
34,3433-01,1002,585,AUSTIN AVENUE,COQ,AA,Stanley,NO,,
34,3436-01,1601,4808,HAZEL STREET,BBY,AA,Stanley,NO,NO,
34,3437-01,109,523,WEST KING EDWARD AVENUE,VAN,KH,Stanley,,,
34,3439-01,1904,570,EMERSON STREET,COQ,AA,Stanley,,,
34,3440-01,HOUSE,2705,EAST 47TH AVENUE,VAN,KH,Stanley,,,
34,3441-01,314,750,DOGWOOD STREET,COQ,AA,Stanley,,,
34,3442-01,909,8031,NUNAVUT LANE,VAN,KH,Stanley,,,
34,3444-01,3405,4711,HAZEL STREET,BBY,AA,Stanley,,,
34,3445-01,A415,20838,78B AVENUE,LANG,BW,Stanley,NO,NO,
34,3446-01,1910,4711,HAZEL STREET,BBY,AA,Stanley,YES,NO,
34,3447-01,2710,4711,HAZEL STREET,BBY,AA,Stanley,NO,YES,
34,3448-02,HOUSE,4737,CAMBIE STREET,VAN,KH,Stanley,NO,YES,
34,3448-03,MAIN,4761,CAMBIE STREET,VAN,KH,Stanley,NO,YES,
34,3448-04,BASEMENT,4761,CAMBIE STREET,VAN,KH,Stanley,NO,YES,
34,3448-05,HOUSE,4787,CAMBIE STREET,VAN,KH,Stanley,NO,YES,
34,3449-01,1,2505,WEST 8TH AVENUE,VAN,KH,Stanley,YES,NO,
34,3450-01,208,3456,COMMEANIAL ST,VAN,JR,Stanley,NO,YES,
34,3451-01,202,1099,E. BROADWAY,VAN,JR,Stanley,NO,YES,
34,3452-01,412,5725,AGRONOMY ROAD,VAN,KH,Stanley,YES,YES,
34,3453-01,1006,2085,SKYLINE COURT,BBY,AA,Stanley,NO,NO,
34,3454-01,1601,308,MORRISSEY ROAD,PMDY,AA,Stanley,YES,NO,
34,3455-01,608,445,WEST 2ND AVENUE,VAN,JR,Stanley,YES,NO,
34,3456-01,,980,PARK DRIVE,VAN,KH,Stanley,YES,YES,
34,3457-01,1009,5311,GORING STREET,BBY,AA,Stanley,NO,NO,
34,3458-01,113,1823,WEST 7TH AVENUE,VAN,JR,Stanley,NO,YES,
34,3459-01,2404,7433,CAMBIE STREET,VAN,KH,Stanley,YES,NO,
34,3461-01,2006,1155,SEYMOUR STREET,VAN,AN,Stanley,YES,NO,
34,3462-01,,6268,BALSAM STREET,VAN,KH,Stanley,NO,NO,
34,3464-01,1105,3438,SAWMILL CRESCENT,VAN,KH,Stanley,YES,NO,
34,3466-01,3206,3080,LINCOLN AVE,COQ,AA,Stanley,NO,NO,
34,3467-01,2103,3438,SAWMILL CRESCENT,VAN,JR,Stanley,NO,NO,
34,3468-01,505,3451,SAWMILL CRESCENT,VAN,AN,Stanley,YES,NO,
34,3469-01,206,528,BEATTY STREET,VAN,AN,Stanley,NO,NO,
34,3473-01,405,1635,WEST 3RD AVENUE,VAN,KH,Stanley,YES,NO,
34,3474-01,101,7588,16TH STREET,BBY,AA,Stanley,NO,NO,
34,3476-01,3702,1188,PINETREE WAY,COQ,AA,Stanley,NO,NO,
34,3477-01,HOUSE,4910,WILLOW STREET,VAN,AN,Stanley,N/A,NO,
34,3477-02,HOUSE,4930,WILLOW STREET,VAN,AN,Stanley,N/A,NO,
34,3477-03,HOUSE,4950,WILLOW STREET,VAN,AN,Stanley,N/A,NO,
34,3478-01,405,4240,CAMBIE STREET,VAN,AN,Stanley,TO BE CONFIRMED,NO,
34,3479-01,1809,3833,EVERGREEN PLACE,BBY,AA,Stanley,YES,NO,
34,3480-01,2906,2008,ROSSER AVENUE,BBY,AA,Stanley,NO,NO,
34,3481-01,3808,3809,EVERGREEN PLACE,BBY,AA,Stanley,YES,NO,
34,3482-01,1505,2181,MADISON AVENUE,BBY,AA,Stanley,NO,NO,
34,3483-01,1204,2181,MADISON AVENUE,BBY,AA,Stanley,YES,YES,
34,3484-01,803,3061,EAST KENT AVENUE NORTH,VAN,KH,Stanley,NO,NO,
34,3485-01,2507,7433,CAMBIE STREET,VAN,KH,Stanley,YES,NO,
34,3486-01,506,445,WEST 2ND AVENUE,VAN,AN,Stanley,YES,NO,
34,3487-01,603,5077,CAMBIE STREET,VAN,KH,Stanley,NO,NO,
34,3488-01,TH,1141,WEST 8TH AVENUE,VAN,AN,Stanley,NO,NO,
34,3489-01,208,2628,YEW STREET,VAN,AN,Stanley,YES,NO,
34,3490-01,104,1925,WEST 2ND AVENUE,VAN,KH,Stanley,NO,NO,
34,3491-01,809,7418,PAULSON STREET,VAN,KH,Stanley,YES,NO,
34,3492-01,501,3430,EAST KENT AVENUE SOUTH,VAN,JR,Stanley,YES,YES,
34,3493-01,HOUSE,3250,WILLIAM STREET,VAN,JR,Stanley,N/A,NO,
34,3494-01,308,5007,ASH STREET,VAN,KH,Stanley,NO,NO,
34,3495-01,105,523,W. KING EDWARD AVE.,VAN,KH,Stanley,YES,NO,
34,3496-01,408,4171,CAMBIE STREET,VAN,AN,Stanley,NO,NO,
34,3497-01,907,1277,NELSON STREET,VAN,KH,Stanley,YES,NO,
34,3498-01,206,5868,AGRONOMY ROAD,VAN,BW,Stanley,NO,NO,
34,3499-01,203,1616,COLUMBIA STREET,VAN,AN,Stanley,YES,NO,
35,3502-01,4308,4510,HALIFAX STREET,BBY,AA,Stanley,YES,NO,
35,3504-01,204,5775,IRMIN STREET,BBY,AA,Stanley,NO,YES,
35,3505-01,5101,4510,HALIFAX WAY,BBY,AA,Stanley,YES,YES,
35,3507-01,3702,6461,TELFORD AVENUE,BBY,AA,Stanley,YES,YES,
35,3508-01,1402,518,WHITING WAY,COQ,AA,Stanley,YES,NO,
35,3509-01,4108,4900,LENNOX LANE,COQ,AA,Stanley,NO,NO,
35,3510-01,902,657,WHITING WAY,COQ,AA,Stanley,YES,NO,
35,3512-01,4205,1888,GILMORE AVENUE,BBY,BW,Stanley,YES,YES,
35,3514-01,2505,525,FOSTER AVENUE,COQ,AA,Stanley,YES,NO,
35,3515-01,2805,525,FOSTER AVENUE,COQ,AA,Stanley,YES,NO,
35,3517-01,902,1888,GILMORE AVENUE,BBY,AA,Stanley,YES,NO,
35,3518-01,506,4468,DAWSON STREET,BBY,AA,Stanley,NO,NO,
35,3520-01,404,4465,JUNEAU STREET,BBY,AA,Stanley,NO,NO,
35,3520-02,404,6699,DUNBLANE AVENUE,BBY,AA,Stanley,NO,NO,
35,3520-03,1207,2351,BETA AVENUE,BBY,AA,Stanley,NO,NO,
35,3521-01,1507,4465,JUNEAU STREET,BBY,AA,Stanley,NO,NO,
35,3522-01,403,4465,JUNEAU STREET,BBY,AN,Stanley,NO,NO,
35,3524-01,204,4465,JUNEAU STREET,BBY,AA,Stanley,NO,YES,
35,3525-01,406,4465,JUNEAU STREET,BBY,AA,Stanley,YES,NO,
35,3526-01,601,6383,MCKAY AVENUE,BBY,AA,Stanley,NO,NO,
35,3527-01,105,555,NORTH ROAD,COQ,AA,Stanley,NO,NO,
35,3528-01,409,2388,MADISON AVE,BBY,AA,Stanley,YES,YES,
35,3529-01,314,7488,BYRNEPARK WALK,BBY,AA,Stanley,YES,NO,
35,3530-01,101,2229,ATKINS AVENUE,COQ,AA,Stanley,NO,NO,
35,3532-01,1903,1955,ALPHA WAY,BBY,AA,Stanley,YES,NO,
35,3535-01,6108,1955,ALPHA WAY,BBY,AA,Stanley,NO,NO,
35,3536-01,2812,1955,ALPHA WAY,BBY,AA,Stanley,NO,NO,
35,3540-01,1607,4880,BENNETT STREET,BBY,AA,Stanley,NO,NO,
35,3541-01,803,9888,CAMERON STREET,BBY,AA,Stanley,NO,NO,
35,3543-01,308,5611,GORING STREET,BBY,AA,Stanley,,,
35,3544-01,4312,4510,HALIFAX WAY,BBY,AA,Stanley,YES,NO,
35,3545-01,3001,2085,SKYLINE COURT,BBY,AA,Stanley,YES,NO,
35,3546-01,503,7138,COLLIER STREET,BBY,AA,Stanley,NO,YES,
35,3547-01,2803,4900,LENNOX LANE,BBY,AA,Stanley,YES,YES - NR6 - Own agent,
35,3548-01,1903,2351,BETA AVENUE,BBY,JR,Stanley,NO,NO,
35,3550-01,2103,5333,GORING STREET,BBY,AA,Stanley,YES,NO,
35,3552-01,208,8940,UNIVERSITY CRESCENT,BBY,AA,Stanley,NO,NO,
35,3553-01,501,4477,HASTINGS STREET,BBY,AA,Stanley,YES,NO,
35,3555-01,2609,7303,NOBLE LANE,BBY,AA,Stanley,NO,NO,
35,3556-01,1506,4567,HAZEL STREET,BBY,KH,Stanley,YES,YES,
35,3557-01,607,4650,BRENTWOOD BLVD,BBY,AA,Stanley,NO,NO,
35,3559-01,4508,4650,BRENTWOOD BLVD,BBY,AA,Stanley,YES,NO,
35,3560-01,303,6658,DOW ST,BBY,AA,Stanley,YES,NO,
35,3561-01,1206,1888,GILMORE AVENUE,BBY,AA,Stanley,YES,NO,
35,3562-01,1801,2077,ROSSER AVENUE,BBY,AA,Stanley,YES,NO,
35,3563-01,2808,4508,HAZEL STREET,BBY,AA,Stanley,YES,NO,
35,3564-01,701,4465,JUNEAU STREET,BBY,AA,Stanley,YES,NO,
35,3565-01,415,516,FOSTER AVENUE,COQ,AA,Stanley,NO,NO,
35,3566-01,1001,3740,ALBERT STREET,BBY,AA,Stanley,NO,NO,
35,3567-01,HOUSE,1196,COLIN PLACE,COQ,AA,Stanley,NO,NO,
35,3568-01,5211,4510,HALIFAX WAY,BBY,AA,Stanley,YES,NO,
35,3569-01,HOUSE,927,LAUREL STREET,NWEST,JR,Stanley,NO,NO,
35,3570-01,1005,4488,JUNEAU STREET,BBY,AA,Stanley,YES,NO,
35,3571-01,405,7058,14TH AVENUE,BBY,AA,Stanley,YES,NO,
35,3574-01,TH,4468,JUNEAU STREET,BBY,AA,Stanley,YES,NO,
35,3575-01,1203,4488,JUNEAU STREET,BBY,AA,Stanley,YES,YES,
35,3576-01,406,4488,JUNEAU STREET,BBY,AA,Stanley,YES,NO,
35,3577-01,403,478,DAWSON STREET,BBY,AA,Stanley,NO,NO,
35,3578-01,3203,2085,SKYLINE COURT,BBY,AA,Stanley,YES,NO,
35,3579-01,203,2088,BETA AVENUE,BBY,AA,Stanley,YES,NO,
35,3580-01,2103,2311,BETA AVENUE,BBY,AA,Stanley,YES,NO,
35,3582-01,3410,657,WHITING WAY,COQ,AA,Stanley,NO,NO,
35,3583-01,1206,2232,DOUGLAS ROAD,BBY,AA,Stanley,YES,YES,
35,3584-01,4305,1955,ALPHA WAY,BBY,AA,Stanley,NO,NO,
35,3585-01,2909,4485,SKYLINE DRIVE,BBY,AA,Stanley,YES,NO,
35,3586-01,403,3738,NORFOLK STREET,BBY,AA,Stanley,YES,NO,
35,3587-01,506,567,NHARKE ROAD,COQ,KH,Stanley,NO,NO,
35,3589-01,512,7169,14TH AVENUE,BBY,AA,Stanley,YES,NO,
35,3592-01,1701,2085,SKYLINE COURT,BBY,AA,Stanley,YES,NO,
35,3594-01,206,618,COMO LAKE AVENUE,COQ,AA,Stanley,YES,NO,
35,3596-01,2401,2085,SKYLINE COURT,BBY,AA,Stanley,YES,NO,
35,3596-02,2403,2085,SKYLINE COURT,BBY,AA,Stanley,YES,NO,
35,3597-01,2404,2085,SKYLINE COURT,BBY,AA,Stanley,YES,NO,
35,3598-01,3106,2085,SKYLINE COURT,BBY,AA,Stanley,YES,NO,
36,3603-01,709,13438,CENTRAL AVENUE,SRY,JR,Princes,YES,YES,
36,3604-01,310,13438,CENTRAL AVENUE,SRY,JR,Princes,YES,YES,
36,3605-01,2606,13438,CENTRAL AVENUE,SRY,KH,Princes,NO,NO,
36,3606-01,1912,13438,CENTRAL AVENUE,SRY,JR,Princes,YES,NO,
36,3611-01,2312,13438,CENTRAL AVENUE,SRY,JR,Princes,YES,NO,
36,3613-01,1902,13438,CENTRAL AVENUE,SRY,JR,Princes,YES,NO,
36,3613-02,3410,13438,CENTRAL AVENUE,SRY,JR,Princes,YES,NO,
36,3615-01,2009,13438,CENTRAL AVENUE,SRY,JR,Princes,YES,YES,
36,3619-01,2613,13438,CENTRAL AVENUE,SRY,JR,Princes,YES,NO,
36,3620-01,1406,13438,CENTRAL AVENUE,SRY,JR,Princes,YES,NO,
36,3627-01,1901,13438,CENTRAL AVENUE,SRY,JR,Princes,YES,NO,
36,3631-01,903,13438,CENTRAL AVENUE,SRY,JR,Princes,YES,NO,
36,3632-01,2101,13438,CENTRAL AVENUE,SRY,JR,Princes,YES,NO,
36,3633-02,901,13438,CENTRAL AVENUE,SRY,KH,Princes,YES,NO,
36,3633-03,1807,13438,CENTRAL AVENUE,SRY,KH,Princes,YES,NO,
36,3633-04,1908,13438,CENTRAL AVENUE,SRY,KH,Princes,YES,NO,
36,3635-01,308,13438,CENTRAL AVENUE,SRY,KH,Princes,YES,NO,
36,3638-01,506,13438,CENTRAL AVENUE,SRY,KH,Princes,YES,NO,
36,3638-02,805,13438,CENTRAL AVENUE,SRY,KH,Princes,YES,NO,
36,3639-01,1003,13438,CENTRAL AVENUE,SRY,KH,Princes,YES,NO,
36,3640-01,2607,13438,CENTRAL AVENUE,SRY,KH,Princes,YES,NO,
36,3642-01,2506,13438,CENTRAL AVENUE,SRY,JR,Princes,YES,YES,
36,3643-01,2802,13438,CENTRAL AVENUE,SRY,JR,Princes,YES,YES,
36,3645-02,3111,13438,CENTRAL AVENUE,SRY,JR,Princes,YES,NO,
36,3649-01,2905,13438,CENTRAL AVENUE,SRY,JR,Princes,YES,NO,
36,3650-01,906,13438,CENTRAL AVENUE,SRY,JR,Princes,YES,YES,
36,3651-01,1605,13438,CENTRAL AVENUE,SRY,JR,Princes,YES,NO,
36,3655-01,2013,13438,CENTRAL AVENUE,SRY,JR,Princes,NO,NO,
36,3658-01,2407,13438,CENTRAL AVENUE,SRY,JR,Princes,YES,NO,
36,3659-01,3405,13438,CENTRAL AVENUE,SRY,JR,Princes,YES,NO,
36,3660-01,1607,13438,CENTRAL AVENUE,SRY,JR,Princes,YES,YES,
36,3661-01,810,13438,CENTRAL AVENUE,SRY,JR,Princes,YES,NO,
36,3663-01,702,13438,CENTRAL AVENUE,SRY,JR,Princes,YES,NO,
36,3664-01,603,13438,CENTRAL AVENUE,SRY,JR,Princes,YES,NO,
36,3666-01,TH103,13438,CENTRAL AVENUE,SRY,KH,Princes,YES,"YES, NR6 Effective Jan 2021",
36,3667-01,602,13438,CENTRAL AVENUE,SRY,KH,Princes,YES,NO,
36,3667-02,1206,13438,CENTRAL AVENUE,SRY,KH,Princes,YES,NO,
37,3702-01,3707,1289,HORNBY STREET,VAN,KH,Leuvin ,YES,NO,
37,3703-01,3206,1289,HORNBY STREET,VAN,KH,Leuvin ,YES,NO,
37,3704-01,2101,1289,HORNBY STREET,VAN,KH,Leuvin ,YES,NO,
37,3705-01,3303,1289,HORNBY STREET,VAN,KH,Leuvin ,YES,NO,
37,3706-01,4105,1289,HORNBY STREET,VAN,KH,Leuvin ,YES,NO,
37,3707-01,4006,1289,HORNBY STREET,VAN,KH,Leuvin ,YES,YES,
37,3708-01,4102,1289,HORNBY STREET,VAN,AN,Leuvin ,YES,NO,
37,3709-01,4009,1289,HORNBY STREET,VAN,KH,Leuvin ,YES,NO,
37,3710-01,2111,1289,HORNBY STREET,VAN,AN,Leuvin ,NO,NO,
37,3711-01,2611,1289,HORNBY STREET,VAN,AN,Leuvin ,YES,NO,
37,3712-01,1107,7418,PAULSON STREET,VAN,KH,Leuvin ,YES,NO,
38,3802-01,308,7738,EDMONDS STREET,BBY,AA,Vanessa,YES,YES,
38,3803-01,402,7579,16th STREET,BBY,AA,Vanessa,YES,NO,
38,3804-01,807,2351,BETA AVENUE,BBY,AA,Vanessa,YES,NO,
38,3806-01,908,39,SIXTH STREET,NWEST,JR,Vanessa,NO,YES,
38,3807-01,210,657,WHITING WAY,COQ,AA,Vanessa,YES,NO,
38,3809-01,215,4723,DAWSON STREET,BBY,AA,Vanessa,YES,YES,
38,3810-01,1805,958,RIDGEWAY AVE,COQ,AA,Vanessa,NO,NO,
38,3811-01,606,520,COMO LAKE AVENUE,COQ,AA,Vanessa,YES,NO,
38,3813-01,2607,4485,SKYLINE DRIVE,BBY,AA,Vanessa,NO,NO,
38,3814-01,1206,308,MORRISSEY ROAD,PTMD,AA,Vanessa,YES,NO,
38,3815-01,1606,308,MORRISSEY ROAD,PTMD,AA,Vanessa,YES,NO,
38,3818-01,123,488,FURNESS STREET,NWEST,JR,Vanessa,YES,NO,
38,3819-01,2801,525,FOSTER AVE,COQ,AA,Vanessa,NO,NO,
38,3820-01,902,1196,PIPELINE ROAD,COQ,AA,Vanessa,YES,NO,
38,3821-01,2306,6398,SILVER AVE,BBY,AA,Vanessa,YES,YES,
38,3822-01,1805,6398,SILVER AVE,BBY,AA,Vanessa,YES,YES,
38,3823-01,1205,8725,UNIVERSITY CRESCENT,BBY,AA,Vanessa,NO,NO,
38,3824-01,1607,6398,SILVER AVENUE,BBY,AA,Vanessa,NO,NO,
38,3826-01,305,5460,BROADWAY,BBY,AA,Vanessa,YES,NO,
38,3827-01,TH1,4465,JUNEAU STREET,BBY,AA,Vanessa,YES,NO,
38,3828-01,1704,305,MORRISSEY ROAD,BBY,AA,Vanessa,YES,NO,
38,3832-01,210,85,8TH AVENUE,NWEST,JR,Vanessa,YES,NO,
38,3833-01,307,7599,15TH STREET,BBY,AA,Vanessa,YES,NO,
38,3834-01,1510,908,QUAYSIDE DRIVE,NWEST,JR,Vanessa,YES,NO,
38,3837-01,2504,4485,SKYLINE DRIVE,BBY,AA,Vanessa,NO,NO,
38,3839-01,301,1045,AUSTIN AVENUE,COQ,AA,Vanessa,NO,NO,
38,3840-01,118,4868,BRENTWOOD DRIVE,BBY,AA,Vanessa,NO,NO,
38,3841-01,103,2138,MADISON AVE,BBY,AA,Vanessa,"YES-JUL07,23",NO,
38,3844-01,2003,3809,EVERGREEN PLACE,BBY,AN,Vanessa,NO,NO,
38,3845-01,3103,3809,EVERGREEN PLACE,BBY,AA,Vanessa,YES,NO,
38,3846-01,1410,450,WESTVIEW STREET,COQ,AA,Vanessa,NO,NO,
38,3847-01,2709,3809,EVERGREEN PLACE,BBY,AA,Vanessa,YES,NO,
38,3848-01,1508,3809,EVERGREEN PLACE,BBY,AA,Vanessa,YES,NO,
38,3849-01,HOUSE,1827,SALISBURY AVENUE,POCO,AA,Vanessa,N/A,NO,
38,3850-01,2709,4168,LOUGHEED HWY,BBY,AA,Vanessa,YES,NO,
38,3851-01,208,7090,EDMONDS STREET,BBY,AA,Vanessa,YES,NO,
38,3853-01,1204,4900,LENNOX LANE,BBY,AA,Vanessa,NO,NO,
38,3854-01,4208,3809,EVERGREEN PLACE,BBY,AA,Vanessa,YES,NO,
38,3856-01,109,4155,CENTRAL BLVD,BBY,AA,Vanessa,YES,NO,
38,3857-01,4301,4510,HALIFAX WAY ,BBY,AA,Vanessa,YES,NO,
38,3858-01,403,450,WESTVIEW STREET,COQ,AA,Vanessa,NO,NO,
38,3859-01,505,4488,JUNEAU STREET,COQ,AA,Vanessa,YES,NO,
38,3860-01,1806,6511,SUSSEX AVENUE,BBY,AA,Vanessa,NO,NO,
38,3861-01,3404,1182,WESTWOOD STREET,COQ,AA,Vanessa,NO,NO,
38,3862-01,2006,6511,SUSSEX AVENUE,BBY,AA,Vanessa,YES,NO,
38,3864-01,3303,2008,ROSSER AVENUE,BBY,AA,Vanessa,NO,NO,
38,3865-01,1204,618,CARNARVON STREET,NWEST,JR,Vanessa,YES,NO,
38,3867-01,1404,813,AGNES STREET,NWEST,JR,Vanessa,NO,YES,
38,3869-01,1205,618,CARNARVON STREET,NWEST,JR,Vanessa,NO,NO,
38,3870-01,803,6537,TELFORD AVENUE,BBY,KH,Vanessa,NO,NO,
38,3871-01,501,2232,DOULGAS ROAD,BBY,AA,Vanessa,NO,NO,
38,3872-01,1002,4433,ALASKA STREET,BBY,AA,Vanessa,NO,NO,
38,3873-01,602,4182,DAWSON STREET,BBY,AA,Vanessa,NO,NO,
38,3875-01,3901,1888,GILMORE AVENUE,BBY,AA,Vanessa,NO,NO,
38,3877-01,205,211,12th AVENUE,NWEST,JR,Vanessa,NO,NO,
38,3878-01,4605,2186,GILMORE AVENUE,BBY,AN,Vanessa,YES,YES,
38,3879-01,3411,2186,GILMORE AVENUE,BBY,AA,Vanessa,YES,NO,
38,3880-01,3103,2186,GILMORE AVENUE,BBY,AA,Vanessa,NO,NO,
38,3881-01,2712,2186,GILMORE AVENUE,BBY,AA,Vanessa,YES,NO,
38,3882-01,4705,2186,GILMORE AVENUE,BBY,AA,Vanessa,YES,NO,
38,3883-01,103,648,LEA AVENUE,COQ,AA,Vanessa,YES,NO,
38,3884-01,3703,2186,GILMORE AVENUE,BBY,AA,Vanessa,YES,NO,
38,3885-01,1404,2186,GILMORE AVENUE,BBY,AA,Vanessa,YES,NO,
38,3886-01,618,615,COTTONWOOD AVENUE,COQ,AA,Vanessa,YES,NO,
38,3887-01,522,615,COTTONWOOD AVENUE,COQ,AA,Vanessa,YES,NO,
38,3888-01,2110,908,QUAYSIDE DRIVE,NWEST,JR,Vanessa,NO,NO,
38,3889-01,1004,4788,HAZEL STREET,BBY,AA,Vanessa,YES,NO,
38,3890-01,1901,4168,LOUGHEED HWY,BBY,AA,Vanessa,YES,NO,
38,3891-01,4709,2186,GILMORE AVENUE,BBY,AA,Vanessa,YES,NO,
38,3892-01,1406,6511,SUSSEX AVENUE,BBY,AN,Vanessa,NO,NO,
38,3893-01,2208,4168,LOUGHEED HWY,BBY,AA,Vanessa,NO,NO,
38,3894-01,3510,4168,LOUGHEED HWY,BBY,AA,Vanessa,NO,NO,
38,3895-01,3209,4168,LOUGHEED HWY,BBY,AA,Vanessa,YES,NO,
38,3896-01,1309,4168,LOUGHEED HWY,BBY,KH,Vanessa,YES,NO,
38,3897-01,2105,530,WHITING WAY,COQ,AA,Vanessa,YES,NO,
38,3898-01,3501,4168,LOUGHEED HWY,BBY,AA,Vanessa,NO,NO,
38,3899-01,1705,680,QUAYSIDE DRIVE,NWEST,JR,Vanessa,YES,NO,
39,3901-01,303,277,WEST 1ST STREET,NVAN,AN,Leuvin ,YES,YES,
39,3902-01,302,275,WEST 2ND STREET,NVAN,AN,Leuvin ,YES,NO,
39,3903-01,2304,4900,LENNOX LANE,BBY,AN,Leuvin ,NO,NO,
39,3904-01,1507,2108,GILMORE AVE,BBY,AA,Leuvin ,YES,NO,
39,3905-01,1401,4168,LOUGHEED HWY,BBY,AA,Leuvin ,YES,NO,
39,3906-01,2906,4168,LOUGHEED HWY,BBY,AA,Leuvin ,NO,NO,
39,3907-01,3310,3833,EVERGREEN PLACE,BBY,AA,Leuvin ,YES,YES,
39,3908-01,3705,2108,GILMORE AVENUE,BBY,AA,Leuvin ,YES,NO,
39,3909-01,2812,2108,GILMORE AVENUE,BBY,AA,Leuvin ,YES,NO,
39,3910-01,809,2108,GILMORE AVENUE,BBY,AA,Leuvin,YES,NO,
39,3911-01,3902,2108,GILMORE AVENUE,BBY,AA,Leuvin,YES,NO,
39,3912-01,702,172,Victory Ship Way ,NVAN,AN,Leuvin,YES,NO,
39,3913-01,3805,2108,GILMORE AVENUE,BBY,AA,Leuvin,YES,NO,
39,3915-01,4306,2108,GILMORE AVENUE,BBY,AA,Leuvin,YES,NO,
39,3916-01,409,4488,JUNEAU STREET,BBY,AN,Leuvin,NO,NO,
39,3917-01,301,301,CAPILANO ROAD,PMDY,AA,Leuvin,YES,NO,
39,3918-01,4701,2108,GILMORE AVENUE,BBY,AA,Leuvin,YES,NO,
39,3919-01,119,741,ANSKAR COURT,COQ,AA,Leuvin,NO,NO,
39,3920-01,113,7599,15TH STREET,BBY,AA,Leuvin,YES,YES,
39,3921-01,,5538,BROADWAY,BBY,AA,Leuvin,YES,NO,
39,3922-01,3008,6098,Station Street,BBY,KH,Leuvin,YES,NO,
39,3923-01,2302,4485,SKYLINE DRIVE,BBY,AA,Leuvin,NO,NO,
39,3924-01,907,5987,WILSON AVENUE,BBY,AA,Leuvin,NO,NO,
39,3925-01,1105,4433,ALASKA STREET,BBY,AA,Leuvin,NO,NO,
39,3926-01,1001,5987,WILSON AVENUE,BBY,AA,Leuvin,NO,YES,
39,3927-01,2205,6537,TELFORD AVENUE,BBY,AA,Leuvin,NO,NO,
39,3928-01,410,5987,WILSON AVENUE,BBY,AA,Leuvin,YES,NO,
39,3929-01,511,9228,SLOPES MEWS,BBY,AA,Leuvin,NO,NO,
39,3930-01,707,2200,DOUGLAS ROAD,BBY,AA,Leuvin,NO,NO,
39,3931-01,210,3938,ROYAL OAK AVENUE,BBY,AA,Leuvin,NO,NO,
39,3932-01,1704,2085,SKYLINE COURT,BBY,AA,Leuvin,YES,NO,
39,3933-01,412,209,LEBLEU STREET,COQ,AA,Leuvin,YES,NO,
39,3934-01,305,4488,JUNEAU STREET,BBY,AA,Leuvin,NO,NO,
39,3935-01,223,618,LANGSIDE AVENUE ,COQ,AA,Leuvin,NO,NO,
39,3936-01,410,2408,GRANT STREET,VAN,JR,Leuvin,NO,NO,
39,3937-01,402,6699,DUNBLANE AVENUE,BBY,AA,Leuvin,NO,NO,
39,3938-01,406,4223,HASTINGS STREET,BBY,AA,Leuvin,NO,NO,
39,3939-01,1806,4485,SKYLINE DRIVE,BBY,AA,Leuvin,NO,NO,
39,3940-01,101,3281,EAST KENT AVENUE NORTH,VAN,AA,Leuvin,NO,NO,
39,3941-01,323,2450,GARDEN DRIVE,VAN,JR,Leuvin,NO,NO,
39,3942-01,1107,2689,KINGSWAY,VAN,AN,Leuvin,NO,NO,
39,3943-01,304,422,3RD STREET EAST,VAN,AN,Leuvin,NO,NO,
39,3944-01,519,423,MCBAY LANE,COQ,AA,Leuvin,NO,NO,
39,3945-01,3801,720,FARROW STREET,COQ,KH,Leuvin,YES,NO,
39,3946-01,3402,3833,EVERGREEN PLACE,BBY,AA,Leuvin,NO,NO,
39,3947-01,209,2002,ST GEORGE STREET,PMDY,AA,Leuvin,NO,NO,
40,4001-01,2206,4485,SKYLINE DRIVE,BBY,AA,Vanessa,YES,NO,
40,4002-01,403,600,ROCHESTER,VAN,AA,Vanessa,YES,NO,
40,4003-01,1102,1251,CARDERO STREET,VAN,JR,Vanessa,NO,NO,
40,4004-01,2108,680,QUAYSIDE DRIVE,NWEST,JR,Vanessa,NO,NO,
40,4005-01,309,2020,WEST 12th AVE,VAN,KH,Vanessa,NO,NO,
40,4006-01,1410,5987,WILSON AVENUE,BBY,AA,Vanessa,YES,NO,
40,4007-01,224,2450,GARDEN DRIVE,VAN,JR,Vanessa,YES,NO,
40,4008-01,906,570,EMERSON STREET,COQ,AA,Vanessa,YES,NO,
40,4009-01,102,618,WEST 45 AVE,VAN,KH,Vanessa,YES,NO,
40,4010-01,1506,1188,PINETREE WAY,COQ,AA,Vanessa,NO,NO,
40,4011-01,206,6198,ASH STREET,VAN,JR,Vanessa,NO,NO,
40,4012-01,511,2471,ST GEORGE STREET,VAN,JR,Vanessa,YES,NO,
40,4013-01,409,629,COTTONWOOD AVENUE,COQ,AA,Vanessa,YES,NO,
40,4014-01,2207,898,CARNARVON STREET,NWEST,BW,Vanessa,NO,NO,